ingredients,gluten,lactose,oeufs,poisson,fruits_de_mer,vegetarien
tomate salade fromage chocolat huile poivre courgette pain,1,1,0,0,0,1
courgette thym tomate huile lait fromage cumin concombre,0,1,0,0,0,1
epinard pomme de terre chocolat persil aubergine semoule,1,0,0,0,0,1
olive persil dinde champignon thym,0,0,0,0,0,0
orge carotte noix sucre mayonnaise thym,1,0,1,0,0,1
brioche poivron pomme de terre epinard cumin lait poivre,1,1,0,0,0,1
courgette dinde persil olive ail oignon,0,0,0,0,0,0
moule pates chocolat huile salade ail thym concombre persil,1,0,0,0,1,0
mayonnaise sel epinard miel noix boeuf,0,0,1,0,0,0
poivron courgette aubergine curcuma paprika pain,1,0,0,0,0,1
aubergine brioche creme cafe curcuma yaourt,1,1,0,0,0,1
miel tomate oignon creme sardine sel,0,1,0,1,0,0
oignon sel dinde,0,0,0,0,0,0
noix brioche poivre sucre mayonnaise sel carotte oignon,1,0,1,0,0,1
curcuma thym pain tomate beurre,1,1,0,0,0,1
salade yaourt biscuit poivre cumin poivron agneau epinard,1,1,0,0,0,0
concombre citron courgette oeuf huile aubergine poivre,0,0,1,0,0,1
cumin semoule mascarpone salade,1,1,0,0,0,1
brioche poivre agneau tomate pomme de terre thym,1,0,0,0,0,0
ail orge mascarpone biscuit epinard paprika,1,1,0,0,0,1
pomme de terre cafe concombre thym mascarpone carotte,0,1,0,0,0,1
carotte pomme de terre citron thym cumin,0,0,0,0,0,1
pomme de terre semoule olive sel mozzarella ail poivron thym,1,1,0,0,0,1
mayonnaise sardine ail chocolat citron cumin,0,0,1,1,0,0
persil poivron thym concombre carotte,0,0,0,0,0,1
dinde champignon aubergine thym epinard paprika,0,0,0,0,0,0
olive carotte thym couscous poivre,1,0,0,0,0,1
huile boeuf noix poivron carotte persil,0,0,0,0,0,0
ail champignon thym paprika dinde,0,0,0,0,0,0
ail orge cumin oignon courgette sardine,1,0,0,1,0,0
carotte saumon salade cumin biscuit poivron olive curcuma huile,1,0,0,1,0,0
huile sel carotte courgette mayonnaise paprika cafe,0,0,1,0,0,1
creme sel chocolat oignon parmesan,0,1,0,0,0,1
carotte thym farine champignon,1,0,0,0,0,1
paprika salade agneau pain champignon sucre,1,0,0,0,0,0
semoule curcuma carotte poulet pomme de terre,1,0,0,0,0,0
orge aubergine salade miel paprika ail cafe sel,1,0,0,0,0,1
brioche aubergine courgette olive thym miel epinard,1,0,0,0,0,1
courgette curcuma persil aubergine,0,0,0,0,0,1
champignon pomme de terre thym sel biscuit oignon citron,1,0,0,0,0,1
huile parmesan chocolat courgette pomme de terre agneau sel pates,1,1,0,0,0,0
concombre courgette cafe moule oeuf sel ail chocolat,0,0,1,0,1,0
sel olive mayonnaise cafe salade semoule creme crevette paprika,1,1,1,0,1,0
salade cumin mozzarella pomme de terre miel carotte pain poulet noix,1,1,0,0,0,0
chocolat champignon oeuf paprika epinard pates,1,0,1,0,0,1
sel calamar ail paprika poivron oeuf courgette olive huile,0,0,1,0,1,0
poivron champignon beurre oignon mayonnaise miel noix paprika,0,1,1,0,0,1
brioche salade curcuma thym aubergine noix,1,0,0,0,0,1
oignon chocolat courgette concombre sel thym huile,0,0,0,0,0,1
courgette paprika olive miel concombre pates oignon thym,1,0,0,0,0,1
thym citron epinard cabillaud courgette champignon poivre,0,0,0,1,0,0
mascarpone paprika sucre oeuf persil aubergine,0,1,1,0,0,1
champignon concombre biscuit olive miel paprika,1,0,0,0,0,1
champignon pain poivre persil,1,0,0,0,0,1
poivre mayonnaise crabe beurre noix aubergine poivron cafe,0,1,1,0,1,0
chocolat champignon courgette cafe sardine sel,0,0,0,1,0,0
curcuma poivron biscuit cumin huile chocolat,1,0,0,0,0,1
huile fromage champignon curcuma,0,1,0,0,0,1
paprika persil mascarpone noix courgette,0,1,0,0,0,1
veau concombre thym huile,0,0,0,0,0,0
curcuma paprika citron aubergine champignon chocolat creme,0,1,0,0,0,1
concombre couscous mayonnaise salade olive poivron sel,1,0,1,0,0,1
chocolat poivron mayonnaise citron epinard sel persil,0,0,1,0,0,1
oignon lait oeuf persil,0,1,1,0,0,1
thym aubergine pates,1,0,0,0,0,1
cafe farine tomate thym sucre crevette poivre mozzarella,1,1,0,0,1,0
brioche tomate ail champignon paprika persil,1,0,0,0,0,1
olive homard huile pomme de terre persil curcuma concombre salade,0,0,0,0,1,0
paprika poivron oeuf thym,0,0,1,0,0,1
salade sel persil poulet sucre,0,0,0,0,0,0
brioche cumin moule epinard tomate mayonnaise courgette sel,1,0,1,0,1,0
beurre persil concombre cumin sucre,0,1,0,0,0,1
poivre cumin poivron mayonnaise oignon oeuf,0,0,1,0,0,1
sardine chocolat paprika champignon huile mayonnaise oignon curcuma pain,1,0,1,1,0,0
citron sel cumin courgette pain huile pates,1,0,0,0,0,1
aubergine biscuit noix veau paprika mascarpone olive curcuma,1,1,0,0,0,0
poivron citron salade cumin pain poivre courgette,1,0,0,0,0,1
thym citron brioche carotte noix concombre,1,0,0,0,0,1
sardine oignon paprika,0,0,0,1,0,0
thym biscuit pomme de terre tomate cumin,1,0,0,0,0,1
thym tomate oignon concombre,0,0,0,0,0,1
cumin pomme de terre mayonnaise ail,0,0,1,0,0,1
dinde cumin ail thym,0,0,0,0,0,0
sucre homard epinard citron cumin,0,0,0,0,1,0
paprika citron thym carotte pain huile beurre concombre,1,1,0,0,0,1
chocolat olive persil cabillaud pomme de terre,0,0,0,1,0,0
oignon olive sucre curcuma persil carotte,0,0,0,0,0,1
ail oignon aubergine persil noix,0,0,0,0,0,1
brioche oignon citron sel paprika couscous olive oeuf,1,0,1,0,0,1
pomme de terre epinard oignon sel pates,1,0,0,0,0,1
curcuma saumon citron cafe persil carotte,0,0,0,1,0,0
persil epinard dinde lait huile poivre,0,1,0,0,0,0
salade boeuf aubergine persil,0,0,0,0,0,0
concombre champignon oeuf poivre oignon brioche creme persil,1,1,1,0,0,1
orge aubergine courgette carotte agneau olive thym,1,0,0,0,0,0
mayonnaise noix poulet sel pomme de terre paprika,0,0,1,0,0,0
paprika oignon curcuma fromage miel huile tomate,0,1,0,0,0,1
noix paprika cumin pates champignon,1,0,0,0,0,1
noix sel poivre mayonnaise champignon sucre aubergine brioche,1,0,1,0,0,1
oignon thym concombre chocolat agneau,0,0,0,0,0,0
orge poivre carotte,1,0,0,0,0,1
cabillaud courgette mayonnaise thym persil cafe sucre,0,0,1,1,0,0
chocolat poivron semoule olive thym orge,1,0,0,0,0,1
pates champignon thym curcuma orge,1,0,0,0,0,1
epinard poivron paprika carotte,0,0,0,0,0,1
poivre cafe pomme de terre mayonnaise citron cabillaud,0,0,1,1,0,0
salade brioche thym poivre courgette biscuit,1,0,0,0,0,1
noix brioche miel oignon pain ail cumin yaourt orge paprika,1,1,0,0,0,1
sucre poivron curcuma parmesan homard,0,1,0,0,1,0
veau aubergine poivre noix beurre ail,0,1,0,0,0,0
cumin curcuma crabe poivron,0,0,0,0,1,0
bar curcuma epinard courgette,0,0,0,1,0,0
biscuit poivre pain olive epinard noix,1,0,0,0,0,1
bar poivre champignon aubergine oignon chocolat cumin noix,0,0,0,1,0,0
carotte miel biscuit pomme de terre paprika mayonnaise cumin,1,0,1,0,0,1
cafe creme oignon citron crabe courgette thym carotte,0,1,0,0,1,0
parmesan champignon sel,0,1,0,0,0,1
oeuf tomate crabe persil miel champignon,0,0,1,0,1,0
tomate couscous thym semoule curcuma,1,0,0,0,0,1
sardine mascarpone sucre aubergine persil cafe,0,1,0,1,0,0
poivre poivron mayonnaise,0,0,1,0,0,1
pain chocolat poulet cumin citron courgette epinard,1,0,0,0,0,0
concombre paprika cafe olive poivre dinde,0,0,0,0,0,0
salade pomme de terre aubergine sel,0,0,0,0,0,1
crevette champignon oeuf persil olive cafe,0,0,1,0,1,0
poivron lait courgette persil tomate,0,1,0,0,0,1
concombre miel pomme de terre citron cabillaud cumin paprika,0,0,0,1,0,0
carotte tomate bar concombre cumin citron,0,0,0,1,0,0
champignon fromage sel curcuma,0,1,0,0,0,1
chocolat thym oignon citron carotte semoule,1,0,0,0,0,1
noix poivron ail crabe carotte cumin sel,0,0,0,0,1,0
concombre thon courgette poivre curcuma,0,0,0,1,0,0
veau olive creme huile carotte cumin courgette mayonnaise,0,1,1,0,0,0
tomate courgette noix cafe poivre brioche,1,0,0,0,0,1
champignon ail mayonnaise cumin cafe thym,0,0,1,0,0,1
cumin citron tomate courgette miel poivre concombre mozzarella,0,1,0,0,0,1
poivre concombre curcuma,0,0,0,0,0,1
noix parmesan citron boeuf thym poivron,0,1,0,0,0,0
cumin curcuma tomate olive pates chocolat farine,1,0,0,0,0,1
epinard cumin boeuf carotte,0,0,0,0,0,0
cabillaud tomate sel champignon oignon,0,0,0,1,0,0
epinard sel agneau courgette oignon mayonnaise,0,0,1,0,0,0
mascarpone courgette curcuma creme huile fromage,0,1,0,0,0,1
persil olive pomme de terre fromage huile epinard poivron parmesan sel,0,1,0,0,0,1
sel concombre cumin pates poivron fromage brioche olive champignon,1,1,0,0,0,1
courgette paprika tomate sel dinde,0,0,0,0,0,0
chocolat courgette beurre sel yaourt noix mozzarella oignon,0,1,0,0,0,1
epinard paprika bar cumin citron poivron orge,1,0,0,1,0,0
aubergine thym carotte citron poivron oeuf huile paprika,0,0,1,0,0,1
mayonnaise persil champignon oignon,0,0,1,0,0,1
sucre champignon huile ail poivron sel curcuma,0,0,0,0,0,1
champignon semoule miel pomme de terre poivron thym noix paprika couscous,1,0,0,0,0,1
poivre homard courgette aubergine thym sucre,0,0,0,0,1,0
curcuma mascarpone champignon concombre miel salade,0,1,0,0,0,1
epinard fromage poivron persil sel pates yaourt,1,1,0,0,0,1
sucre cumin poivron paprika epinard agneau salade,0,0,0,0,0,0
epinard poivron curcuma oeuf pomme de terre,0,0,1,0,0,1
thym concombre agneau noix paprika,0,0,0,0,0,0
salade semoule concombre thym noix,1,0,0,0,0,1
dinde creme thym aubergine biscuit ail,1,1,0,0,0,0
agneau carotte olive miel thym,0,0,0,0,0,0
cumin courgette semoule sucre epinard ail noix,1,0,0,0,0,1
thym poivre carotte olive pomme de terre concombre,0,0,0,0,0,1
thym olive ail paprika oeuf citron courgette mayonnaise,0,0,1,0,0,1
curcuma courgette aubergine crabe cumin,0,0,0,0,1,0
sucre salade cabillaud paprika pates,1,0,0,1,0,0
cumin concombre mayonnaise tomate persil champignon poulet fromage,0,1,1,0,0,0
mascarpone paprika pain orge aubergine salade poivron,1,1,0,0,0,1
oignon persil concombre poulet poivre champignon,0,0,0,0,0,0
huile olive aubergine creme poivron poivre,0,1,0,0,0,1
courgette oeuf tomate paprika poivron,0,0,1,0,0,1
oeuf poivron pain thym chocolat ail creme aubergine saumon,1,1,1,1,0,0
courgette sucre salade mascarpone miel curcuma,0,1,0,0,0,1
paprika poivron boeuf,0,0,0,0,0,0
sucre concombre thym oignon tomate beurre curcuma,0,1,0,0,0,1
sardine pates pomme de terre epinard paprika,1,0,0,1,0,0
olive sel sucre lait cabillaud tomate,0,1,0,1,0,0
salade chocolat mayonnaise curcuma sel farine epinard boeuf,1,0,1,0,0,0
sucre mayonnaise courgette paprika cafe epinard,0,0,1,0,0,1
thym aubergine agneau couscous tomate pomme de terre,1,0,0,0,0,0
biscuit farine oignon aubergine curcuma poivron,1,0,0,0,0,1
oignon pain beurre sel courgette olive,1,1,0,0,0,1
fromage oeuf oignon courgette lait olive sel,0,1,1,0,0,1
farine thon ail oignon sel,1,0,0,1,0,0
courgette beurre lait salade epinard sel,0,1,0,0,0,1
brioche oeuf persil oignon poivron paprika tomate beurre chocolat cafe,1,1,1,0,0,1
noix champignon persil mozzarella,0,1,0,0,0,1
crevette citron cumin olive concombre mayonnaise courgette,0,0,1,0,1,0
curcuma ail tomate,0,0,0,0,0,1
chocolat aubergine pomme de terre epinard dinde persil,0,0,0,0,0,0
crevette miel epinard sel,0,0,0,0,1,0
chocolat pates epinard thym pain,1,0,0,0,0,1
persil aubergine oignon champignon,0,0,0,0,0,1
persil courgette farine pain concombre pomme de terre,1,0,0,0,0,1
cumin cafe pomme de terre pain citron salade,1,0,0,0,0,1
sel salade mayonnaise citron courgette,0,0,1,0,0,1
miel carotte oeuf paprika semoule champignon pomme de terre,1,0,1,0,0,1
citron poivre concombre chocolat couscous tomate sel poivron,1,0,0,0,0,1
couscous tomate paprika pates sucre farine sel,1,0,0,0,0,1
champignon poivre cumin chocolat,0,0,0,0,0,1
dinde sel pomme de terre,0,0,0,0,0,0
yaourt lait epinard oignon miel huile champignon paprika,0,1,0,0,0,1
champignon olive brioche salade mozzarella orge persil poivre citron,1,1,0,0,0,1
concombre crevette chocolat sel,0,0,0,0,1,0
oignon cumin mayonnaise huile epinard bar tomate cafe,0,0,1,1,0,0
champignon sucre thym oignon mozzarella noix parmesan,0,1,0,0,0,1
sel creme ail farine mayonnaise,1,1,1,0,0,1
curcuma carotte miel boeuf aubergine courgette paprika,0,0,0,0,0,0
salade sel pomme de terre huile couscous paprika,1,0,0,0,0,1
tomate thym persil courgette veau carotte,0,0,0,0,0,0
pain persil homard ail curcuma citron,1,0,0,0,1,0
tomate carotte persil olive epinard boeuf cumin,0,0,0,0,0,0
champignon curcuma oignon cumin ail,0,0,0,0,0,1
ail concombre cafe poivre aubergine mayonnaise chocolat,0,0,1,0,0,1
thym farine dinde ail carotte,1,0,0,0,0,0
pates thym brioche yaourt aubergine,1,1,0,0,0,1
persil paprika epinard cabillaud creme,0,1,0,1,0,0
poivre champignon cafe carotte citron pomme de terre cumin pates farine,1,0,0,0,0,1
lait dinde carotte olive poivre chocolat,0,1,0,0,0,0
salade persil biscuit tomate farine champignon huile miel,1,0,0,0,0,1
ail couscous salade brioche cumin,1,0,0,0,0,1
sucre ail persil noix poivre fromage,0,1,0,0,0,1
thym citron saumon carotte champignon cumin,0,0,0,1,0,0
champignon cumin citron mayonnaise,0,0,1,0,0,1
paprika oignon persil courgette oeuf,0,0,1,0,0,1
thym cumin oignon concombre huile poulet champignon,0,0,0,0,0,0
poulet ail aubergine champignon paprika,0,0,0,0,0,0
cafe thym concombre oignon olive thon pomme de terre,0,0,0,1,0,0
sel mozzarella oignon cumin huile olive,0,1,0,0,0,1
thym noix oignon champignon citron sel aubergine,0,0,0,0,0,1
oeuf persil thym orge miel aubergine,1,0,1,0,0,1
salade orge oeuf noix mozzarella poivre paprika,1,1,1,0,0,1
ail bar curcuma thym tomate pomme de terre,0,0,0,1,0,0
poivron chocolat epinard olive mayonnaise cumin pomme de terre,0,0,1,0,0,1
poulet persil pomme de terre aubergine courgette,0,0,0,0,0,0
courgette ail thym lait pomme de terre crevette sel,0,1,0,0,1,0
couscous ail cumin,1,0,0,0,0,1
poivron champignon oeuf tomate paprika persil semoule cafe,1,0,1,0,0,1
concombre chocolat lait sucre poivre oignon,0,1,0,0,0,1
pomme de terre concombre cafe poivre chocolat,0,0,0,0,0,1
thym concombre carotte calamar ail,0,0,0,0,1,0
curcuma pain epinard persil brioche,1,0,0,0,0,1
courgette curcuma ail,0,0,0,0,0,1
salade poivre ail,0,0,0,0,0,1
fromage orge mayonnaise persil poulet poivron chocolat sucre carotte sel salade,1,1,1,0,0,0
boeuf salade champignon persil,0,0,0,0,0,0
courgette cumin miel champignon,0,0,0,0,0,1
boeuf olive oeuf persil courgette concombre thym champignon chocolat,0,0,1,0,0,0
concombre curcuma pates,1,0,0,0,0,1
orge salade ail couscous fromage noix cumin pates courgette,1,1,0,0,0,1
noix concombre mascarpone orge cumin mozzarella poivron,1,1,0,0,0,1
cumin olive huile boeuf concombre ail,0,0,0,0,0,0
chocolat sucre thym thon curcuma ail,0,0,0,1,0,0
huile tomate pates champignon calamar carotte thym,1,0,0,0,1,0
curcuma tomate,0,0,0,0,0,1
mozzarella salade thym ail persil aubergine,0,1,0,0,0,1
oignon moule cafe aubergine curcuma sel,0,0,0,0,1,0
pates carotte paprika aubergine poivron veau,1,0,0,0,0,0
curcuma mayonnaise pomme de terre poivre concombre tomate,0,0,1,0,0,1
citron moule poivron thym cafe,0,0,0,0,1,0
salade concombre poivre crabe,0,0,0,0,1,0
champignon huile mozzarella salade persil ail poivre,0,1,0,0,0,1
paprika chocolat sucre oeuf couscous pomme de terre biscuit epinard,1,0,1,0,0,1
yaourt noix mascarpone biscuit sucre curcuma persil concombre,1,1,0,0,0,1
huile poivron mozzarella concombre salade paprika sucre,0,1,0,0,0,1
huile poivron champignon biscuit cumin salade poivre,1,0,0,0,0,1
ail cafe courgette carotte thym crabe,0,0,0,0,1,0
fromage curcuma miel aubergine champignon citron paprika,0,1,0,0,0,1
tomate concombre crabe sel pain citron courgette curcuma chocolat,1,0,0,0,1,0
poulet oignon tomate paprika salade sel huile,0,0,0,0,0,0
cafe salade aubergine pomme de terre noix oeuf paprika,0,0,1,0,0,1
carotte poulet thym noix chocolat fromage,0,1,0,0,0,0
paprika oignon miel epinard poivre huile aubergine,0,0,0,0,0,1
sel homard champignon persil concombre creme,0,1,0,0,1,0
mayonnaise curcuma olive courgette cumin,0,0,1,0,0,1
champignon mayonnaise poivre carotte thym salade miel pates calamar,1,0,1,0,1,0
concombre poivre salade chocolat,0,0,0,0,0,1
tomate citron beurre cumin poivron,0,1,0,0,0,1
persil paprika poivron olive,0,0,0,0,0,1
noix persil cumin dinde carotte aubergine,0,0,0,0,0,0
fromage poivre brioche courgette carotte huile mayonnaise champignon sucre,1,1,1,0,0,1
oignon noix orge concombre courgette curcuma,1,0,0,0,0,1
epinard pomme de terre agneau curcuma oignon persil,0,0,0,0,0,0
sel chocolat moule courgette mayonnaise,0,0,1,0,1,0
poivre olive noix ail paprika,0,0,0,0,0,1
champignon cumin agneau sucre carotte persil,0,0,0,0,0,0
huile sucre aubergine poivre pates mayonnaise,1,0,1,0,0,1
paprika cumin poivron courgette boeuf,0,0,0,0,0,0
thym paprika carotte couscous,1,0,0,0,0,1
miel sucre salade ail lait carotte persil paprika,0,1,0,0,0,1
carotte cumin sel citron lait fromage noix creme,0,1,0,0,0,1
tomate citron aubergine creme epinard olive cumin dinde,0,1,0,0,0,0
pates oignon tomate cumin curcuma calamar chocolat,1,0,0,0,1,0
paprika olive courgette citron sel pomme de terre,0,0,0,0,0,1
oeuf poivron carotte mascarpone thym ail curcuma creme fromage,0,1,1,0,0,1
oignon lait ail sel epinard cumin,0,1,0,0,0,1
sucre couscous tomate curcuma olive sel agneau pomme de terre oeuf,1,0,1,0,0,0
epinard miel sel poivre noix aubergine oignon,0,0,0,0,0,1
carotte aubergine olive paprika epinard,0,0,0,0,0,1
semoule concombre poivre courgette tomate miel huile thym,1,0,0,0,0,1
pomme de terre sel carotte oeuf curcuma courgette,0,0,1,0,0,1
sel thym pomme de terre,0,0,0,0,0,1
cafe sel olive poivron tomate oeuf curcuma champignon,0,0,1,0,0,1
curcuma salade oeuf oignon,0,0,1,0,0,1
huile champignon pain poivron curcuma sucre dinde,1,0,0,0,0,0
mayonnaise thym epinard aubergine,0,0,1,0,0,1
farine persil poivre champignon,1,0,0,0,0,1
sel miel creme courgette oignon cumin citron salade,0,1,0,0,0,1
citron thym farine agneau yaourt courgette olive,1,1,0,0,0,0
thym brioche pomme de terre curcuma salade aubergine moule,1,0,0,0,1,0
concombre persil mayonnaise tomate cumin aubergine,0,0,1,0,0,1
concombre citron champignon oeuf persil,0,0,1,0,0,1
carotte champignon ail cumin dinde,0,0,0,0,0,0
ail agneau concombre poivre thym chocolat salade,0,0,0,0,0,0
courgette mascarpone epinard brioche parmesan pomme de terre miel curcuma,1,1,0,0,0,1
couscous noix cumin mayonnaise poivron citron,1,0,1,0,0,1
epinard cumin persil oeuf,0,0,1,0,0,1
yaourt huile mozzarella tomate poivre ail poivron citron,0,1,0,0,0,1
paprika brioche epinard cabillaud,1,0,0,1,0,0
boeuf brioche pomme de terre persil miel champignon mayonnaise cafe,1,0,1,0,0,0
beurre mayonnaise pomme de terre pates paprika,1,1,1,0,0,1
brioche curcuma oignon huile sucre ail,1,0,0,0,0,1
tomate sel poivre,0,0,0,0,0,1
curcuma pomme de terre huile concombre dinde persil citron,0,0,0,0,0,0
poivre ail salade paprika semoule orge,1,0,0,0,0,1
epinard cafe parmesan curcuma aubergine thym noix,0,1,0,0,0,1
saumon sel olive tomate,0,0,0,1,0,0
carotte champignon tomate persil yaourt,0,1,0,0,0,1
thym miel oeuf cumin carotte,0,0,1,0,0,1
mayonnaise miel tomate curcuma courgette orge farine thym ail chocolat,1,0,1,0,0,1
poivron poivre sardine semoule mascarpone cumin salade,1,1,0,1,0,0
pain curcuma miel persil sucre mayonnaise aubergine,1,0,1,0,0,1
persil courgette,0,0,0,0,0,1
poivre persil miel epinard oeuf orge,1,0,1,0,0,1
oeuf cumin curcuma ail huile orge creme fromage,1,1,1,0,0,1
miel cumin thym pomme de terre oignon epinard,0,0,0,0,0,1
poivre champignon couscous pomme de terre oignon noix orge,1,0,0,0,0,1
olive thym curcuma concombre sucre courgette biscuit,1,0,0,0,0,1
curcuma citron epinard lait mozzarella,0,1,0,0,0,1
pomme de terre oignon homard sucre epinard curcuma,0,0,0,0,1,0
champignon noix salade pates tomate sucre thym,1,0,0,0,0,1
aubergine biscuit orge pates curcuma pomme de terre,1,0,0,0,0,1
persil mayonnaise carotte curcuma,0,0,1,0,0,1
thym pates fromage ail cumin,1,1,0,0,0,1
paprika champignon olive thym,0,0,0,0,0,1
curcuma sel citron huile concombre moule,0,0,0,0,1,0
citron persil pain brioche sel epinard semoule sucre,1,0,0,0,0,1
yaourt thym mayonnaise chocolat aubergine oignon miel cumin epinard,0,1,1,0,0,1
thym semoule concombre chocolat sucre,1,0,0,0,0,1
concombre paprika mascarpone courgette,0,1,0,0,0,1
parmesan champignon thym pain persil mascarpone noix lait,1,1,0,0,0,1
chocolat persil tomate poivron oeuf orge courgette paprika miel,1,0,1,0,0,1
persil champignon thym carotte epinard lait,0,1,0,0,0,1
farine courgette carotte citron sucre poivre sel,1,0,0,0,0,1
cumin miel pomme de terre parmesan citron,0,1,0,0,0,1
cumin poivron aubergine creme brioche,1,1,0,0,0,1
paprika epinard huile pain boeuf,1,0,0,0,0,0
veau champignon cumin noix poivre,0,0,0,0,0,0
poivron citron tomate curcuma oeuf sel carotte homard,0,0,1,0,1,0
persil carotte sucre cafe paprika champignon mayonnaise,0,0,1,0,0,1
curcuma mayonnaise paprika ail,0,0,1,0,0,1
pates pain carotte salade oeuf curcuma persil,1,0,1,0,0,1
thym couscous salade crevette miel creme oignon olive,1,1,0,0,1,0
biscuit pates cumin epinard cafe,1,0,0,0,0,1
concombre poivron epinard olive pates paprika,1,0,0,0,0,1
ail thym oignon courgette boeuf poivre,0,0,0,0,0,0
carotte pomme de terre curcuma salade oeuf,0,0,1,0,0,1
concombre huile semoule sel pomme de terre agneau,1,0,0,0,0,0
salade cafe poivre ail dinde,0,0,0,0,0,0
poivre mayonnaise pomme de terre mozzarella thym oeuf brioche,1,1,1,0,0,1
courgette pain boeuf aubergine sel carotte poivre,1,0,0,0,0,0
bar pomme de terre chocolat sel concombre epinard,0,0,0,1,0,0
parmesan epinard carotte curcuma huile cafe,0,1,0,0,0,1
oignon curcuma carotte chocolat,0,0,0,0,0,1
parmesan bar poivre oignon persil,0,1,0,1,0,0
cafe salade persil cumin olive tomate homard champignon,0,0,0,0,1,0
oignon oeuf cumin mayonnaise aubergine,0,0,1,0,0,1
carotte champignon sucre epinard thym cafe pain cumin calamar,1,0,0,0,1,0
miel cumin poivre salade pates,1,0,0,0,0,1
thym creme pain ail cafe oignon citron concombre boeuf paprika,1,1,0,0,0,0
pomme de terre concombre mayonnaise courgette paprika mascarpone poivre,0,1,1,0,0,1
couscous concombre poivre champignon miel pates pomme de terre citron,1,0,0,0,0,1
tomate paprika noix mascarpone poivre,0,1,0,0,0,1
sel boeuf poivre pomme de terre citron salade,0,0,0,0,0,0
pain huile semoule citron courgette sel carotte ail,1,0,0,0,0,1
thym courgette noix parmesan cumin,0,1,0,0,0,1
concombre lait epinard poivre mascarpone poivron,0,1,0,0,0,1
concombre carotte sucre thym mayonnaise noix semoule epinard,1,0,1,0,0,1
champignon thon chocolat citron paprika semoule poivre,1,0,0,1,0,0
thym salade aubergine ail beurre oeuf,0,1,1,0,0,1
persil curcuma courgette,0,0,0,0,0,1
boeuf chocolat persil courgette thym oeuf miel aubergine pomme de terre,0,0,1,0,0,0
citron saumon ail paprika pates,1,0,0,1,0,0
sel pates persil pomme de terre,1,0,0,0,0,1
paprika pomme de terre oeuf farine thym huile tomate salade,1,0,1,0,0,1
cafe couscous concombre carotte orge aubergine pates oeuf citron sel,1,0,1,0,0,1
orge paprika pomme de terre cafe noix boeuf epinard,1,0,0,0,0,0
noix oeuf sel sucre courgette aubergine,0,0,1,0,0,1
poivre parmesan oignon huile sucre sel,0,1,0,0,0,1
olive chocolat fromage aubergine cumin salade parmesan concombre,0,1,0,0,0,1
oignon huile lait sel mascarpone creme,0,1,0,0,0,1
salade champignon orge parmesan yaourt paprika thym epinard,1,1,0,0,0,1
homard mayonnaise tomate mozzarella oignon poivre sucre,0,1,1,0,1,0
poivron oeuf courgette tomate curcuma agneau paprika,0,0,1,0,0,0
oeuf cumin semoule paprika salade poivron,1,0,1,0,0,1
thym curcuma aubergine oignon olive brioche tomate,1,0,0,0,0,1
poivre chocolat curcuma oeuf oignon ail creme parmesan,0,1,1,0,0,1
crabe salade epinard sel noix chocolat cumin pomme de terre,0,0,0,0,1,0
miel epinard persil courgette noix curcuma beurre,0,1,0,0,0,1
mozzarella oeuf carotte chocolat oignon creme poivre aubergine,0,1,1,0,0,1
sel parmesan concombre creme,0,1,0,0,0,1
cumin parmesan poulet tomate thym,0,1,0,0,0,0
poivron thym persil,0,0,0,0,0,1
cafe sel noix ail paprika epinard champignon mascarpone,0,1,0,0,0,1
epinard miel paprika crevette courgette,0,0,0,0,1,0
champignon tomate miel olive thym boeuf,0,0,0,0,0,0
pates thym semoule cumin poivron noix tomate olive,1,0,0,0,0,1
fromage poivron thym beurre pomme de terre noix,0,1,0,0,0,1
concombre oignon olive yaourt champignon paprika mascarpone pates miel,1,1,0,0,0,1
cumin carotte mayonnaise salade poivre,0,0,1,0,0,1
cabillaud mascarpone sel sucre huile courgette,0,1,0,1,0,0
carotte poivre miel,0,0,0,0,0,1
courgette paprika carotte semoule pomme de terre poivre,1,0,0,0,0,1
poivre veau concombre aubergine oeuf persil,0,0,1,0,0,0
poulet miel cumin courgette paprika,0,0,0,0,0,0
salade sardine curcuma persil citron farine,1,0,0,1,0,0
beurre concombre oeuf aubergine persil poivron brioche paprika,1,1,1,0,0,1
persil fromage oignon pates miel cabillaud curcuma,1,1,0,1,0,0
ail paprika tomate epinard brioche,1,0,0,0,0,1
aubergine salade concombre cabillaud sel,0,0,0,1,0,0
poivre sucre epinard pomme de terre chocolat,0,0,0,0,0,1
sel thym miel concombre huile carotte biscuit,1,0,0,0,0,1
champignon curcuma salade citron cabillaud poivre,0,0,0,1,0,0
persil paprika mayonnaise parmesan tomate sucre,0,1,1,0,0,1
cumin farine curcuma chocolat ail,1,0,0,0,0,1
tomate oignon olive thym lait parmesan salade noix,0,1,0,0,0,1
thym parmesan persil noix pomme de terre farine,1,1,0,0,0,1
sel cafe salade creme concombre noix,0,1,0,0,0,1
concombre cafe parmesan thym oignon sucre sel,0,1,0,0,0,1
dinde thym noix paprika mayonnaise champignon,0,0,1,0,0,0
salade paprika sel noix cafe agneau poivron courgette,0,0,0,0,0,0
veau olive pomme de terre oignon cumin champignon citron,0,0,0,0,0,0
boeuf poivre concombre champignon oignon,0,0,0,0,0,0
aubergine champignon fromage poivre,0,1,0,0,0,1
sel citron aubergine courgette sucre thym,0,0,0,0,0,1
curcuma yaourt epinard citron salade ail noix couscous,1,1,0,0,0,1
thym mascarpone citron oignon sel beurre,0,1,0,0,0,1
thym concombre paprika,0,0,0,0,0,1
sel lait pomme de terre mayonnaise,0,1,1,0,0,1
paprika ail pomme de terre thym citron champignon,0,0,0,0,0,1
sucre persil cumin carotte champignon,0,0,0,0,0,1
carotte curcuma crabe mayonnaise courgette ail,0,0,1,0,1,0
courgette sel champignon thym,0,0,0,0,0,1
pomme de terre olive cafe epinard ail cumin mozzarella,0,1,0,0,0,1
olive pomme de terre salade chocolat paprika,0,0,0,0,0,1
poivron poivre noix thym oignon fromage brioche champignon,1,1,0,0,0,1
salade huile cumin curcuma pain,1,0,0,0,0,1
thym noix oeuf courgette mascarpone poivre,0,1,1,0,0,1
cafe pomme de terre brioche epinard olive thym orge,1,0,0,0,0,1
champignon salade persil olive lait pain courgette orge cafe,1,1,0,0,0,1
sel curcuma olive carotte veau,0,0,0,0,0,0
homard miel semoule sel courgette salade,1,0,0,0,1,0
cumin poivron tomate cafe semoule oeuf couscous courgette noix,1,0,1,0,0,1
boeuf pain oignon paprika,1,0,0,0,0,0
thym champignon chocolat olive salade,0,0,0,0,0,1
concombre courgette champignon citron sel,0,0,0,0,0,1
epinard salade poulet sel paprika ail,0,0,0,0,0,0
oignon pomme de terre courgette persil,0,0,0,0,0,1
calamar oignon tomate paprika sucre chocolat champignon,0,0,0,0,1,0
sucre citron mayonnaise concombre sel poivron aubergine thon,0,0,1,1,0,0
courgette yaourt thym tomate miel persil boeuf biscuit,1,1,0,0,0,0
courgette concombre agneau citron curcuma farine salade chocolat,1,0,0,0,0,0
noix salade paprika crevette champignon cumin,0,0,0,0,1,0
fromage persil orge parmesan epinard,1,1,0,0,0,1
sel sardine aubergine courgette champignon,0,0,0,1,0,0
oeuf salade parmesan tomate paprika pomme de terre mayonnaise,0,1,1,0,0,1
poivre curcuma salade epinard sucre,0,0,0,0,0,1
champignon salade beurre dinde carotte curcuma citron,0,1,0,0,0,0
mayonnaise tomate poivre miel sucre,0,0,1,0,0,1
mozzarella aubergine sel tomate,0,1,0,0,0,1
pomme de terre huile homard curcuma epinard thym oignon,0,0,0,0,1,0
agneau carotte epinard paprika,0,0,0,0,0,0
mascarpone poivre tomate ail yaourt miel farine,1,1,0,0,0,1
courgette pain sel cafe,1,0,0,0,0,1
poivron salade olive mozzarella epinard couscous poivre,1,1,0,0,0,1
cafe aubergine sel agneau,0,0,0,0,0,0
thym persil citron chocolat ail,0,0,0,0,0,1
champignon miel poivron epinard poivre parmesan,0,1,0,0,0,1
oignon poivre curcuma chocolat biscuit couscous ail,1,0,0,0,0,1
thym pomme de terre curcuma aubergine crevette salade oeuf huile,0,0,1,0,1,0
citron pomme de terre mayonnaise thym,0,0,1,0,0,1
ail noix thym champignon oeuf citron,0,0,1,0,0,1
oeuf pomme de terre paprika bar pates citron poivron,1,0,1,1,0,0
ail curcuma courgette aubergine olive cafe mascarpone,0,1,0,0,0,1
cafe aubergine creme mayonnaise brioche persil pates cumin,1,1,1,0,0,1
tomate ail mayonnaise sucre fromage cumin,0,1,1,0,0,1
cafe poivre pomme de terre curcuma homard champignon,0,0,0,0,1,0
olive paprika ail crevette aubergine thym brioche carotte,1,0,0,0,1,0
yaourt epinard persil sel salade concombre,0,1,0,0,0,1
thym paprika lait parmesan pomme de terre olive noix salade,0,1,0,0,0,1
oignon paprika brioche sel champignon semoule,1,0,0,0,0,1
concombre pomme de terre poivron citron huile mascarpone persil,0,1,0,0,0,1
courgette curcuma sel pomme de terre mayonnaise pain couscous,1,0,1,0,0,1
cafe sel curcuma pomme de terre concombre tomate olive,0,0,0,0,0,1
tomate brioche semoule persil cumin,1,0,0,0,0,1
miel cumin noix pomme de terre,0,0,0,0,0,1
huile sucre oignon curcuma aubergine salade,0,0,0,0,0,1
citron couscous noix sel epinard carotte semoule pain poivron,1,0,0,0,0,1
poivre creme cumin carotte citron,0,1,0,0,0,1
oignon pates couscous poivre,1,0,0,0,0,1
poivre semoule yaourt beurre pomme de terre persil oignon,1,1,0,0,0,1
paprika veau curcuma oignon,0,0,0,0,0,0
curcuma noix epinard ail agneau huile,0,0,0,0,0,0
tomate thym cafe homard citron,0,0,0,0,1,0
yaourt mozzarella salade poivre citron tomate curcuma,0,1,0,0,0,1
miel oignon oeuf thym,0,0,1,0,0,1
salade persil noix cafe veau,0,0,0,0,0,0
mayonnaise ail paprika persil champignon poivron,0,0,1,0,0,1
mascarpone orge sel concombre biscuit thym,1,1,0,0,0,1
biscuit carotte poivre epinard couscous,1,0,0,0,0,1
salade cumin brioche mayonnaise courgette,1,0,1,0,0,1
poivron epinard paprika citron tomate thym,0,0,0,0,0,1
paprika salade aubergine,0,0,0,0,0,1
courgette veau persil curcuma mayonnaise carotte aubergine,0,0,1,0,0,0
sucre epinard paprika boeuf persil,0,0,0,0,0,0
miel poivre ail saumon epinard concombre,0,0,0,1,0,0
carotte olive lait thym,0,1,0,0,0,1
champignon salade orge citron sucre curcuma veau oignon,1,0,0,0,0,0
courgette sel mascarpone pain miel huile salade,1,1,0,0,0,1
champignon aubergine biscuit parmesan curcuma dinde cafe,1,1,0,0,0,0
oeuf curcuma pomme de terre brioche olive,1,0,1,0,0,1
paprika concombre tomate lait persil olive carotte,0,1,0,0,0,1
salade cumin ail cafe poivron chocolat,0,0,0,0,0,1
oeuf boeuf carotte olive thym concombre,0,0,1,0,0,0
tomate dinde mozzarella curcuma concombre,0,1,0,0,0,0
cabillaud concombre epinard thym poivron brioche oeuf,1,0,1,1,0,0
cabillaud salade paprika pomme de terre cafe miel pates fromage,1,1,0,1,0,0
poivre champignon parmesan,0,1,0,0,0,1
miel cafe curcuma carotte champignon fromage concombre,0,1,0,0,0,1
huile sucre concombre persil oignon ail cumin homard,0,0,0,0,1,0
beurre chocolat courgette curcuma sel concombre aubergine creme miel,0,1,0,0,0,1
cafe huile paprika pomme de terre champignon ail,0,0,0,0,0,1
aubergine creme cumin,0,1,0,0,0,1
noix salade curcuma chocolat mayonnaise pomme de terre agneau,0,0,1,0,0,0
mayonnaise paprika cafe aubergine citron pates yaourt curcuma concombre,1,1,1,0,0,1
ail poivron cumin boeuf,0,0,0,0,0,0
miel dinde sel mayonnaise concombre cafe,0,0,1,0,0,0
poivron cafe dinde parmesan carotte poivre persil sucre tomate,0,1,0,0,0,0
poivron sel concombre cumin cafe pain,1,0,0,0,0,1
oignon pates sel orge beurre ail cumin tomate,1,1,0,0,0,1
brioche oignon salade miel poivre,1,0,0,0,0,1
persil paprika champignon mozzarella oignon pain concombre farine,1,1,0,0,0,1
cumin oignon sucre ail olive,0,0,0,0,0,1
thym aubergine huile boeuf cafe,0,0,0,0,0,0
creme curcuma pain poivron,1,1,0,0,0,1
poivre salade epinard ail,0,0,0,0,0,1
concombre sel mozzarella curcuma,0,1,0,0,0,1
tomate ail persil mayonnaise sel,0,0,1,0,0,1
pates bar cumin poivre chocolat tomate,1,0,0,1,0,0
sucre fromage aubergine pomme de terre creme poivre pain persil lait,1,1,0,0,0,1
miel paprika citron homard concombre,0,0,0,0,1,0
farine moule poivron olive poivre ail cafe,1,0,0,0,1,0
mayonnaise curcuma chocolat beurre pomme de terre poivron ail miel cumin,0,1,1,0,0,1
ail semoule cafe olive cumin,1,0,0,0,0,1
huile champignon persil pates epinard aubergine,1,0,0,0,0,1
curcuma olive dinde cafe biscuit courgette,1,0,0,0,0,0
concombre poivre champignon poivron agneau beurre persil brioche,1,1,0,0,0,0
concombre fromage persil sucre curcuma,0,1,0,0,0,1
sel champignon poivron salade oeuf,0,0,1,0,0,1
persil citron thym salade brioche,1,0,0,0,0,1
oeuf ail semoule mozzarella pomme de terre courgette sel,1,1,1,0,0,1
pates thym persil citron champignon,1,0,0,0,0,1
chocolat sardine tomate noix poivre,0,0,0,1,0,0
champignon noix miel aubergine persil thym,0,0,0,0,0,1
pates olive persil salade pain cumin,1,0,0,0,0,1
bar cafe ail poivron thym curcuma,0,0,0,1,0,0
mascarpone tomate curcuma paprika,0,1,0,0,0,1
sel boeuf champignon poivron carotte,0,0,0,0,0,0
epinard farine pain oignon sel salade,1,0,0,0,0,1
thym oeuf persil agneau farine poivron miel aubergine huile,1,0,1,0,0,0
poivron oeuf sel mayonnaise carotte concombre curcuma,0,0,1,0,0,1
fromage thym mascarpone aubergine pain paprika mayonnaise champignon mozzarella,1,1,1,0,0,1
yaourt orge tomate olive cumin carotte mayonnaise champignon brioche,1,1,1,0,0,1
curcuma poivron biscuit ail,1,0,0,0,0,1
champignon oignon poivre cafe citron salade,0,0,0,0,0,1
sucre pomme de terre thym poivre,0,0,0,0,0,1
salade semoule pomme de terre oignon poivre cumin,1,0,0,0,0,1
cafe champignon sardine curcuma concombre miel,0,0,0,1,0,0
boeuf persil ail oignon sel poivron,0,0,0,0,0,0
agneau carotte sucre poivron paprika salade thym,0,0,0,0,0,0
cumin curcuma brioche beurre salade cabillaud aubergine,1,1,0,1,0,0
biscuit fromage paprika poivre aubergine pates,1,1,0,0,0,1
mayonnaise paprika orge citron miel courgette tomate concombre,1,0,1,0,0,1
cumin agneau pomme de terre sucre brioche,1,0,0,0,0,0
cafe couscous curcuma concombre champignon persil,1,0,0,0,0,1
tomate citron curcuma brioche aubergine cumin,1,0,0,0,0,1
concombre chocolat paprika cumin mozzarella,0,1,0,0,0,1
pain curcuma champignon,1,0,0,0,0,1
olive pates paprika carotte huile pain pomme de terre curcuma,1,0,0,0,0,1
citron beurre champignon poivron miel sel,0,1,0,0,0,1
mozzarella epinard sel thym,0,1,0,0,0,1
biscuit carotte curcuma semoule salade,1,0,0,0,0,1
oeuf curcuma epinard,0,0,1,0,0,1
carotte persil ail sucre,0,0,0,0,0,1
salade champignon sel brioche curcuma pain epinard semoule,1,0,0,0,0,1
persil lait noix salade carotte cumin poivron huile,0,1,0,0,0,1
curcuma creme carotte oeuf couscous,1,1,1,0,0,1
salade persil curcuma cafe veau carotte,0,0,0,0,0,0
salade olive chocolat epinard poivre thym,0,0,0,0,0,1
carotte epinard olive persil cumin,0,0,0,0,0,1
oeuf paprika poivre concombre orge,1,0,1,0,0,1
poivre sucre couscous aubergine oignon curcuma carotte chocolat semoule,1,0,0,0,0,1
huile sel tomate thym bar courgette,0,0,0,1,0,0
fromage curcuma farine chocolat poivron,1,1,0,0,0,1
paprika sucre brioche ail mayonnaise curcuma couscous huile,1,0,1,0,0,1
huile concombre agneau poivre oeuf,0,0,1,0,0,0
noix cumin parmesan orge persil epinard aubergine,1,1,0,0,0,1
cafe aubergine citron courgette poivre fromage oignon beurre sel,0,1,0,0,0,1
mascarpone fromage cumin yaourt carotte poivron sel,0,1,0,0,0,1
courgette pain poivre persil oeuf miel,1,0,1,0,0,1
chocolat salade courgette thon cumin,0,0,0,1,0,0
poivron paprika carotte courgette parmesan yaourt,0,1,0,0,0,1
salade creme semoule mozzarella cumin,1,1,0,0,0,1
salade concombre noix persil cumin fromage tomate,0,1,0,0,0,1
boeuf cafe poivre courgette,0,0,0,0,0,0
epinard mayonnaise moule poivre thym noix,0,0,1,0,1,0
noix thym huile mayonnaise aubergine oignon,0,0,1,0,0,1
thon champignon cumin,0,0,0,1,0,0
miel cumin noix poivron,0,0,0,0,0,1
homard courgette poivron parmesan sel chocolat champignon,0,1,0,0,1,0
lait ail huile courgette sucre epinard cumin saumon,0,1,0,1,0,0
huile cumin miel courgette,0,0,0,0,0,1
sel salade epinard biscuit poivre sardine,1,0,0,1,0,0
miel cumin concombre epinard semoule aubergine,1,0,0,0,0,1
ail pomme de terre mayonnaise cumin aubergine cabillaud paprika,0,0,1,1,0,0
sel brioche paprika epinard,1,0,0,0,0,1
mascarpone mozzarella noix epinard sucre farine aubergine thym salade,1,1,0,0,0,1
poivre cafe oeuf boeuf noix salade,0,0,1,0,0,0
thym carotte sucre pates curcuma dinde cafe,1,0,0,0,0,0
courgette champignon curcuma miel sardine mayonnaise,0,0,1,1,0,0
epinard dinde persil sel,0,0,0,0,0,0
tomate fromage noix concombre parmesan thym curcuma,0,1,0,0,0,1
oignon poivron curcuma citron dinde chocolat mayonnaise pomme de terre,0,0,1,0,0,0
thym salade champignon poivre oignon,0,0,0,0,0,1
tomate sucre salade paprika courgette,0,0,0,0,0,1
persil courgette paprika beurre,0,1,0,0,0,1
mayonnaise noix sel sucre tomate,0,0,1,0,0,1
biscuit mayonnaise yaourt ail thym brioche pain epinard,1,1,1,0,0,1
cafe creme poivron chocolat thym aubergine,0,1,0,0,0,1
thon sucre champignon huile cumin mayonnaise tomate,0,0,1,1,0,0
cafe curcuma citron farine epinard thon parmesan pomme de terre,1,1,0,1,0,0
sel tomate paprika poivron epinard,0,0,0,0,0,1
huile sel carotte poivre creme aubergine olive,0,1,0,0,0,1
couscous oignon pates oeuf cumin biscuit,1,0,1,0,0,1
oignon noix curcuma yaourt mayonnaise cumin,0,1,1,0,0,1
ail sel oeuf pomme de terre sucre couscous,1,0,1,0,0,1
cumin salade courgette mozzarella poivron,0,1,0,0,0,1
ail poivron chocolat tomate sel curcuma,0,0,0,0,0,1
pomme de terre sucre mayonnaise tomate chocolat curcuma,0,0,1,0,0,1
biscuit yaourt champignon chocolat olive courgette poivre,1,1,0,0,0,1
concombre oignon sel orge paprika,1,0,0,0,0,1
oignon cumin brioche beurre oeuf,1,1,1,0,0,1
huile chocolat aubergine ail mayonnaise sel tomate,0,0,1,0,0,1
ail mayonnaise lait mozzarella citron poivre miel,0,1,1,0,0,1
citron aubergine cumin creme sucre,0,1,0,0,0,1
champignon salade poivre crabe,0,0,0,0,1,0
cafe poivre pomme de terre cumin couscous oignon ail,1,0,0,0,0,1
cumin salade aubergine biscuit dinde,1,0,0,0,0,0
pomme de terre bar aubergine thym courgette sel,0,0,0,1,0,0
mayonnaise ail courgette sel pates persil biscuit citron,1,0,1,0,0,1
thym orge aubergine curcuma citron boeuf noix,1,0,0,0,0,0
epinard poivre ail citron concombre,0,0,0,0,0,1
pates paprika carotte semoule cumin,1,0,0,0,0,1
cumin poivre epinard brioche sucre noix aubergine couscous salade pates,1,0,0,0,0,1
sel miel mayonnaise tomate carotte olive thym ail,0,0,1,0,0,1
pain thym salade orge citron persil miel concombre,1,0,0,0,0,1
persil citron poivron huile,0,0,0,0,0,1
poivron carotte paprika champignon thon poivre,0,0,0,1,0,0
epinard persil miel ail parmesan yaourt,0,1,0,0,0,1
paprika noix fromage curcuma champignon poivron,0,1,0,0,0,1
cumin poulet aubergine olive champignon,0,0,0,0,0,0
persil mayonnaise carotte tomate cumin poivron,0,0,1,0,0,1
mayonnaise oignon poivron curcuma,0,0,1,0,0,1
salade beurre aubergine cafe curcuma couscous thym,1,1,0,0,0,1
yaourt biscuit carotte thym tomate pomme de terre,1,1,0,0,0,1
oeuf thym champignon agneau poivron mozzarella,0,1,1,0,0,0
fromage ail poivron cumin brioche,1,1,0,0,0,1
ail sel cafe agneau pomme de terre carotte paprika huile,0,0,0,0,0,0
concombre moule sel champignon,0,0,0,0,1,0
pomme de terre thym carotte olive cabillaud epinard,0,0,0,1,0,0
bar oignon sucre persil paprika oeuf carotte aubergine,0,0,1,1,0,0
poivre paprika tomate dinde salade huile,0,0,0,0,0,0
miel pomme de terre epinard aubergine poivre mascarpone,0,1,0,0,0,1
pain pomme de terre thym oeuf sel concombre,1,0,1,0,0,1
ail cafe poivre beurre carotte aubergine yaourt huile,0,1,0,0,0,1
ail sucre curcuma concombre noix salade cumin,0,0,0,0,0,1
thym sel concombre sucre brioche oeuf,1,0,1,0,0,1
sel miel oignon curcuma aubergine courgette,0,0,0,0,0,1
salade poivron ail sel poivre cafe,0,0,0,0,0,1
semoule bar huile poivre pomme de terre,1,0,0,1,0,0
oignon sucre brioche poivron persil cumin tomate,1,0,0,0,0,1
orge sel huile thym salade miel semoule,1,0,0,0,0,1
pates thym mayonnaise tomate boeuf champignon persil poivron,1,0,1,0,0,0
cumin courgette ail sel oeuf saumon,0,0,1,1,0,0
persil cafe tomate citron oeuf,0,0,1,0,0,1
pomme de terre courgette oeuf curcuma concombre chocolat,0,0,1,0,0,1
persil creme epinard biscuit aubergine moule thym citron,1,1,0,0,1,0
sel thym carotte oignon moule olive citron,0,0,0,0,1,0
paprika oeuf cumin concombre orge,1,0,1,0,0,1
mascarpone thym champignon creme epinard poivron poivre,0,1,0,0,0,1
curcuma creme poivron mascarpone tomate yaourt epinard,0,1,0,0,0,1
persil oignon creme sucre cafe semoule,1,1,0,0,0,1
paprika aubergine cafe calamar,0,0,0,0,1,0
veau huile concombre cumin persil poivron sucre,0,0,0,0,0,0
miel persil champignon tomate epinard lait sel biscuit mozzarella creme,1,1,0,0,0,1
poivron paprika huile,0,0,0,0,0,1
biscuit paprika epinard chocolat noix persil brioche,1,0,0,0,0,1
poivron semoule couscous ail poivre,1,0,0,0,0,1
oignon curcuma agneau aubergine,0,0,0,0,0,0
tomate poivron cumin dinde farine thym,1,0,0,0,0,0
oignon paprika mascarpone persil poivron dinde courgette,0,1,0,0,0,0
courgette champignon paprika mozzarella sel fromage chocolat miel,0,1,0,0,0,1
pates noix farine curcuma pomme de terre mayonnaise orge persil concombre miel,1,0,1,0,0,1
persil veau salade thym noix,0,0,0,0,0,0
chocolat oignon paprika aubergine,0,0,0,0,0,1
oignon aubergine ail noix poivre dinde huile,0,0,0,0,0,0
curcuma poivron pomme de terre tomate persil thon,0,0,0,1,0,0
concombre oeuf champignon courgette sucre paprika curcuma,0,0,1,0,0,1
saumon oignon courgette poivre thym,0,0,0,1,0,0
carotte citron curcuma mozzarella poivron noix,0,1,0,0,0,1
carotte couscous concombre persil ail cumin,1,0,0,0,0,1
paprika epinard oignon crevette carotte,0,0,0,0,1,0
dinde persil sucre mayonnaise pomme de terre,0,0,1,0,0,0
cumin sucre mayonnaise tomate courgette poivron beurre citron,0,1,1,0,0,1
boeuf citron cumin courgette,0,0,0,0,0,0
sel mascarpone curcuma miel chocolat semoule courgette oignon,1,1,0,0,0,1
mascarpone couscous concombre oeuf champignon citron yaourt courgette curcuma,1,1,1,0,0,1
pomme de terre thym paprika aubergine dinde sucre miel ail,0,0,0,0,0,0
curcuma cafe aubergine persil citron carotte oignon,0,0,0,0,0,1
curcuma sucre thym ail salade cafe lait,0,1,0,0,0,1
pain tomate yaourt oeuf curcuma cumin,1,1,1,0,0,1
paprika tomate salade couscous brioche aubergine,1,0,0,0,0,1
champignon epinard cumin carotte noix chocolat sel,0,0,0,0,0,1
brioche paprika chocolat persil courgette champignon,1,0,0,0,0,1
chocolat poivre mayonnaise cafe salade,0,0,1,0,0,1
cumin chocolat sucre pomme de terre concombre,0,0,0,0,0,1
courgette persil huile cumin,0,0,0,0,0,1
couscous concombre champignon cumin thym,1,0,0,0,0,1
cumin thym champignon pates carotte huile ail,1,0,0,0,0,1
poivron tomate sel agneau epinard miel,0,0,0,0,0,0
poivre curcuma sucre calamar concombre huile semoule,1,0,0,0,1,0
paprika sucre huile poivre aubergine oeuf,0,0,1,0,0,1
mayonnaise curcuma noix ail,0,0,1,0,0,1
salade epinard pomme de terre curcuma,0,0,0,0,0,1
huile champignon cumin olive thon mascarpone thym,0,1,0,1,0,0
noix tomate cumin citron sardine,0,0,0,1,0,0
cumin concombre citron lait,0,1,0,0,0,1
paprika mayonnaise couscous courgette,1,0,1,0,0,1
thon paprika pomme de terre poivron biscuit sucre noix oeuf carotte,1,0,1,1,0,0
pain calamar mayonnaise carotte thym olive pomme de terre,1,0,1,0,1,0
brioche champignon huile persil courgette farine,1,0,0,0,0,1
poivre boeuf olive ail couscous,1,0,0,0,0,0
sel concombre semoule poivre huile pomme de terre citron champignon,1,0,0,0,0,1
curcuma tomate poulet sucre ail farine thym,1,0,0,0,0,0
sardine epinard orge cumin,1,0,0,1,0,0
thym carotte sucre pain,1,0,0,0,0,1
miel cumin pomme de terre persil,0,0,0,0,0,1
persil concombre epinard lait sel tomate,0,1,0,0,0,1
yaourt sardine aubergine miel carotte poivre paprika citron,0,1,0,1,0,0
ail oeuf aubergine creme courgette thym,0,1,1,0,0,1
poivron couscous oignon thym creme,1,1,0,0,0,1
ail aubergine noix carotte olive cumin creme,0,1,0,0,0,1
oignon poivron persil champignon poivre semoule,1,0,0,0,0,1
concombre poivre thym,0,0,0,0,0,1
thym carotte epinard oeuf,0,0,1,0,0,1
semoule cumin champignon thym,1,0,0,0,0,1
sel epinard pomme de terre oignon,0,0,0,0,0,1
veau epinard mayonnaise oignon poivron persil,0,0,1,0,0,0
cafe courgette mayonnaise fromage salade persil champignon curcuma,0,1,1,0,0,1
couscous pomme de terre noix sel pain poivron olive epinard curcuma,1,0,0,0,0,1
champignon poivre crevette poivron huile,0,0,0,0,1,0
miel carotte thym sel mayonnaise mascarpone courgette,0,1,1,0,0,1
persil courgette noix salade mozzarella bar miel,0,1,0,1,0,0
curcuma salade sucre noix mayonnaise,0,0,1,0,0,1
paprika semoule concombre aubergine cafe poivre,1,0,0,0,0,1
oignon poulet courgette thym tomate couscous,1,0,0,0,0,0
mozzarella poivron orge paprika ail mascarpone citron,1,1,0,0,0,1
sucre carotte sel pomme de terre,0,0,0,0,0,1
parmesan paprika ail pomme de terre champignon,0,1,0,0,0,1
persil concombre mayonnaise cafe oignon noix,0,0,1,0,0,1
cumin citron mascarpone poivre crabe champignon huile ail,0,1,0,0,1,0
biscuit beurre olive champignon fromage thym carotte concombre,1,1,0,0,0,1
biscuit chocolat huile concombre cumin paprika aubergine pain,1,0,0,0,0,1
oeuf sel tomate cumin aubergine pomme de terre,0,0,1,0,0,1
oeuf salade champignon curcuma,0,0,1,0,0,1
tomate salade fromage miel oeuf sel chocolat ail cumin,0,1,1,0,0,1
aubergine carotte sucre oeuf poivre,0,0,1,0,0,1
thym ail olive cafe pomme de terre epinard agneau curcuma,0,0,0,0,0,0
paprika sucre ail oignon huile cumin,0,0,0,0,0,1
cumin miel ail tomate mayonnaise chocolat mozzarella pomme de terre,0,1,1,0,0,1
huile lait carotte persil biscuit sel,1,1,0,0,0,1
poivron tomate chocolat poivre sucre crabe,0,0,0,0,1,0
pomme de terre thym huile poivron poivre,0,0,0,0,0,1
fromage parmesan olive miel sel champignon yaourt,0,1,0,0,0,1
crevette salade creme thym poivre carotte mayonnaise,0,1,1,0,1,0
pomme de terre curcuma concombre sel creme dinde,0,1,0,0,0,0
persil brioche poivre noix aubergine pates,1,0,0,0,0,1
veau sel citron ail concombre pomme de terre thym beurre,0,1,0,0,0,0
epinard tomate fromage brioche olive poivron thym,1,1,0,0,0,1
chocolat semoule paprika poivre champignon oignon homard,1,0,0,0,1,0
olive mascarpone oignon curcuma persil,0,1,0,0,0,1
thym poivron cumin poulet oignon,0,0,0,0,0,0
olive ail brioche persil huile poivron parmesan cumin,1,1,0,0,0,1
olive poivron persil oignon concombre yaourt chocolat,0,1,0,0,0,1
pomme de terre citron thym huile,0,0,0,0,0,1
cumin tomate,0,0,0,0,0,1
curcuma paprika pain thon aubergine salade,1,0,0,1,0,0
ail cumin persil poulet mayonnaise,0,0,1,0,0,0
concombre curcuma agneau oignon,0,0,0,0,0,0
pain salade aubergine biscuit miel sucre couscous poivre,1,0,0,0,0,1
ail carotte thon curcuma citron sel couscous,1,0,0,1,0,0
epinard homard persil,0,0,0,0,1,0
champignon persil paprika poivron mayonnaise aubergine sucre,0,0,1,0,0,1
pain poivre concombre brioche oeuf,1,0,1,0,0,1
cumin sucre pain persil noix beurre epinard,1,1,0,0,0,1
oeuf parmesan tomate paprika,0,1,1,0,0,1
sel couscous ail concombre yaourt,1,1,0,0,0,1
huile semoule homard citron paprika poivron curcuma,1,0,0,0,1,0
fromage persil veau oignon brioche sel sucre,1,1,0,0,0,0
pates citron mascarpone oignon courgette cumin curcuma,1,1,0,0,0,1
pomme de terre paprika sel,0,0,0,0,0,1
farine poivre moule poivron mayonnaise,1,0,1,0,1,0
courgette huile ail miel poivre cabillaud,0,0,0,1,0,0
poivre courgette carotte thym saumon olive concombre,0,0,0,1,0,0
cumin brioche calamar pomme de terre aubergine cafe,1,0,0,0,1,0
carotte moule thym concombre aubergine persil,0,0,0,0,1,0
poivron salade concombre sel curcuma bar,0,0,0,1,0,0
agneau tomate poivre citron oignon,0,0,0,0,0,0
poulet cumin olive champignon epinard carotte,0,0,0,0,0,0
olive brioche sel veau courgette,1,0,0,0,0,0
pates poivre noix salade cumin oeuf veau courgette,1,0,1,0,0,0
concombre poivron agneau aubergine sel curcuma,0,0,0,0,0,0
fromage curcuma citron concombre,0,1,0,0,0,1
poivre crevette poivron ail persil mayonnaise tomate,0,0,1,0,1,0
beurre pomme de terre olive tomate thym huile,0,1,0,0,0,1
beurre salade tomate poivre lait carotte,0,1,0,0,0,1
curcuma moule epinard courgette pomme de terre cumin,0,0,0,0,1,0
olive poivre orge chocolat oignon thym pain tomate,1,0,0,0,0,1
biscuit orge ail cumin miel courgette carotte,1,0,0,0,0,1
epinard sel,0,0,0,0,0,1
couscous sel poivron olive epinard,1,0,0,0,0,1
creme miel concombre brioche pain courgette chocolat poivre thym,1,1,0,0,0,1
paprika tomate poivron chocolat champignon thym fromage saumon,0,1,0,1,0,0
curcuma champignon thon oignon tomate persil,0,0,0,1,0,0
champignon chocolat cumin aubergine agneau,0,0,0,0,0,0
salade miel poivre poivron huile cumin,0,0,0,0,0,1
champignon epinard thym concombre,0,0,0,0,0,1
courgette olive ail lait tomate persil parmesan,0,1,0,0,0,1
persil champignon poivre farine,1,0,0,0,0,1
crevette poivre lait poivron thym carotte courgette oeuf,0,1,1,0,1,0
persil poivron couscous orge huile paprika,1,0,0,0,0,1
courgette tomate noix paprika thym,0,0,0,0,0,1
sel oignon brioche curcuma huile,1,0,0,0,0,1
epinard sel sucre thym dinde,0,0,0,0,0,0
crabe poivron ail cumin epinard,0,0,0,0,1,0
brioche thym champignon oeuf pain pates salade,1,0,1,0,0,1
huile pomme de terre dinde olive salade concombre poivre,0,0,0,0,0,0
saumon courgette curcuma orge persil,1,0,0,1,0,0
creme pates epinard yaourt persil oeuf,1,1,1,0,0,1
aubergine curcuma oeuf cafe semoule,1,0,1,0,0,1
oeuf oignon carotte poivre pates sucre,1,0,1,0,0,1
sel orge paprika aubergine courgette farine carotte biscuit,1,0,0,0,0,1
saumon paprika sel epinard,0,0,0,1,0,0
cumin courgette cafe curcuma miel agneau oignon,0,0,0,0,0,0
champignon miel cafe cumin courgette thym moule,0,0,0,0,1,0
thym carotte orge champignon poivron,1,0,0,0,0,1
pomme de terre poivre chocolat epinard noix carotte persil,0,0,0,0,0,1
parmesan sucre ail poivron sel olive creme,0,1,0,0,0,1
miel sel poivre lait poivron parmesan pomme de terre,0,1,0,0,0,1
curcuma persil semoule creme fromage salade,1,1,0,0,0,1
ail brioche farine biscuit poivre carotte,1,0,0,0,0,1
paprika champignon curcuma,0,0,0,0,0,1
poivron curcuma citron concombre brioche sel,1,0,0,0,0,1
creme concombre mascarpone paprika salade semoule poivre huile,1,1,0,0,0,1
aubergine paprika epinard citron cabillaud sel yaourt,0,1,0,1,0,0
pain poivre cafe chocolat poivron sel,1,0,0,0,0,1
cumin carotte moule noix miel poivre,0,0,0,0,1,0
carotte sel pates noix citron,1,0,0,0,0,1
lait thym poivre tomate,0,1,0,0,0,1
huile noix curcuma cumin cabillaud pain carotte,1,0,0,1,0,0
olive paprika noix champignon ail curcuma poivron,0,0,0,0,0,1
citron mozzarella homard sel tomate,0,1,0,0,1,0
persil thym carotte,0,0,0,0,0,1
biscuit poivre concombre carotte,1,0,0,0,0,1
olive huile farine carotte persil,1,0,0,0,0,1
mayonnaise oignon cumin fromage,0,1,1,0,0,1
aubergine ail cumin tomate paprika,0,0,0,0,0,1
ail poivre tomate chocolat sucre,0,0,0,0,0,1
oeuf carotte couscous sel poivron,1,0,1,0,0,1
concombre pates boeuf cumin,1,0,0,0,0,0
oeuf thym chocolat epinard courgette olive persil,0,0,1,0,0,1
semoule aubergine persil ail paprika,1,0,0,0,0,1
concombre mayonnaise salade olive paprika persil parmesan couscous sucre,1,1,1,0,0,1
yaourt miel noix biscuit aubergine mozzarella cumin sel,1,1,0,0,0,1
huile miel calamar poivre salade,0,0,0,0,1,0
oeuf persil citron courgette thym,0,0,1,0,0,1
epinard thym sucre,0,0,0,0,0,1
epinard huile sel pain salade sardine poivre ail,1,0,0,1,0,0
poivre miel courgette thym poivron pomme de terre,0,0,0,0,0,1
salade noix cafe agneau concombre poivre thym pomme de terre,0,0,0,0,0,0
poivre champignon olive lait tomate semoule paprika,1,1,0,0,0,1
pomme de terre aubergine miel semoule poivron sel,1,0,0,0,0,1
mayonnaise thym sel cafe carotte sucre concombre agneau,0,0,1,0,0,0
pomme de terre huile champignon epinard paprika yaourt,0,1,0,0,0,1
semoule oignon poivron cumin,1,0,0,0,0,1
farine creme parmesan courgette tomate sel olive,1,1,0,0,0,1
ail courgette champignon mascarpone fromage thym,0,1,0,0,0,1
persil fromage pomme de terre mozzarella poivre,0,1,0,0,0,1
concombre thym yaourt,0,1,0,0,0,1
pain cafe bar curcuma oeuf sel ail,1,0,1,1,0,0
huile aubergine curcuma citron,0,0,0,0,0,1
poivre citron brioche mascarpone ail fromage thym,1,1,0,0,0,1
oeuf pomme de terre tomate paprika aubergine chocolat persil sucre,0,0,1,0,0,1
courgette chocolat olive carotte aubergine cumin sel semoule,1,0,0,0,0,1
saumon oignon cumin persil,0,0,0,1,0,0
olive fromage cumin sel semoule sucre courgette,1,1,0,0,0,1
cumin poivron,0,0,0,0,0,1
sel orge cafe huile salade oeuf,1,0,1,0,0,1
biscuit oignon dinde cafe yaourt poivre tomate carotte noix,1,1,0,0,0,0
brioche fromage mozzarella concombre poivron cumin curcuma,1,1,0,0,0,1
boeuf poivre carotte creme tomate concombre,0,1,0,0,0,0
orge salade paprika cafe tomate poivre chocolat poivron,1,0,0,0,0,1
sardine champignon paprika,0,0,0,1,0,0
courgette brioche biscuit sucre pates paprika oignon ail chocolat,1,0,0,0,0,1
poivron lait huile courgette paprika miel,0,1,0,0,0,1
citron paprika ail champignon couscous persil miel,1,0,0,0,0,1
paprika yaourt epinard sel ail poivron cafe,0,1,0,0,0,1
orge cumin couscous carotte epinard huile,1,0,0,0,0,1
bar poivron parmesan poivre,0,1,0,1,0,0
sardine sel tomate curcuma,0,0,0,1,0,0
courgette sardine sel,0,0,0,1,0,0
aubergine biscuit miel curcuma crabe salade,1,0,0,0,1,0
poivre sucre poulet noix couscous yaourt concombre,1,1,0,0,0,0
lait brioche huile olive persil poivre courgette champignon,1,1,0,0,0,1
orge noix persil poivron cafe,1,0,0,0,0,1
courgette persil noix huile yaourt aubergine,0,1,0,0,0,1
paprika pates persil pomme de terre ail moule salade,1,0,0,0,1,0
beurre ail brioche cumin pomme de terre,1,1,0,0,0,1
persil poivron huile,0,0,0,0,0,1
fromage sucre orge champignon oeuf thym,1,1,1,0,0,1
concombre aubergine persil sel champignon,0,0,0,0,0,1
poivre oignon ail mozzarella lait beurre,0,1,0,0,0,1
cumin cafe mozzarella pates mayonnaise persil poivron couscous miel,1,1,1,0,0,1
oignon sucre paprika miel pomme de terre yaourt parmesan tomate,0,1,0,0,0,1
agneau champignon cumin noix ail salade,0,0,0,0,0,0
champignon poivron thym salade poivre poulet,0,0,0,0,0,0
paprika sucre tomate biscuit,1,0,0,0,0,1
cumin champignon poivron,0,0,0,0,0,1
pomme de terre huile aubergine cumin fromage champignon,0,1,0,0,0,1
yaourt aubergine persil concombre curcuma pates farine,1,1,0,0,0,1
brioche carotte poivron thym huile chocolat salade,1,0,0,0,0,1
biscuit carotte cumin persil concombre,1,0,0,0,0,1
dinde curcuma oignon beurre thym,0,1,0,0,0,0
crevette biscuit chocolat thym ail,1,0,0,0,1,0
epinard chocolat farine paprika mayonnaise fromage huile,1,1,1,0,0,1
epinard miel huile tomate pates thym,1,0,0,0,0,1
mayonnaise olive salade sel pomme de terre huile persil agneau biscuit,1,0,1,0,0,0
champignon farine pomme de terre salade paprika,1,0,0,0,0,1
beurre epinard fromage paprika salade,0,1,0,0,0,1
pomme de terre miel paprika calamar chocolat ail,0,0,0,0,1,0
carotte curcuma sel,0,0,0,0,0,1
carotte chocolat tomate orge persil huile oeuf,1,0,1,0,0,1
oignon tomate olive bar poivre noix curcuma concombre,0,0,0,1,0,0
curcuma dinde orge noix paprika ail chocolat,1,0,0,0,0,0
huile courgette thym,0,0,0,0,0,1
poivron parmesan paprika,0,1,0,0,0,1
aubergine poivre carotte epinard persil,0,0,0,0,0,1
concombre moule cumin epinard salade sel,0,0,0,0,1,0
mozzarella thym poivron citron pomme de terre chocolat oeuf lait aubergine,0,1,1,0,0,1
lait mayonnaise creme curcuma thym cafe epinard olive,0,1,1,0,0,1
epinard huile yaourt carotte citron oeuf sel aubergine,0,1,1,0,0,1
concombre brioche poivron champignon miel persil mayonnaise,1,0,1,0,0,1
cumin concombre champignon brioche,1,0,0,0,0,1
creme poivron lait poivre sucre tomate sel miel,0,1,0,0,0,1
sel citron sucre concombre boeuf,0,0,0,0,0,0
huile paprika semoule salade pates carotte citron,1,0,0,0,0,1
citron courgette noix paprika beurre fromage tomate creme,0,1,0,0,0,1
sel agneau epinard noix ail citron,0,0,0,0,0,0
noix sel citron ail orge,1,0,0,0,0,1
champignon persil paprika brioche couscous salade,1,0,0,0,0,1
poivre parmesan champignon mascarpone biscuit,1,1,0,0,0,1
huile poulet epinard pates curcuma concombre,1,0,0,0,0,0
epinard orge ail courgette poivre,1,0,0,0,0,1
citron oeuf champignon curcuma courgette concombre cumin,0,0,1,0,0,1
poivre miel huile aubergine,0,0,0,0,0,1
epinard veau persil,0,0,0,0,0,0
mascarpone champignon oignon concombre curcuma beurre thym,0,1,0,0,0,1
epinard beurre crevette persil citron paprika poivron,0,1,0,0,1,0
concombre cafe curcuma beurre thym,0,1,0,0,0,1
courgette orge agneau persil,1,0,0,0,0,0
poivron thym agneau epinard concombre,0,0,0,0,0,0
chocolat curcuma aubergine mayonnaise tomate cumin,0,0,1,0,0,1
brioche ail pain salade orge thym epinard,1,0,0,0,0,1
courgette couscous cumin oignon,1,0,0,0,0,1
pates thym cumin poivron orge,1,0,0,0,0,1
huile ail epinard calamar persil,0,0,0,0,1,0
thym pomme de terre huile aubergine poivre ail,0,0,0,0,0,1
citron noix courgette concombre dinde paprika,0,0,0,0,0,0
citron cumin ail,0,0,0,0,0,1
poivre tomate,0,0,0,0,0,1
cafe mayonnaise citron thym farine concombre,1,0,1,0,0,1
courgette pomme de terre paprika couscous veau curcuma chocolat,1,0,0,0,0,0
aubergine poivre sel concombre oeuf moule pomme de terre,0,0,1,0,1,0
oeuf champignon courgette sel miel tomate,0,0,1,0,0,1
chocolat thon persil citron oignon poivron concombre,0,0,0,1,0,0
citron concombre cafe curcuma aubergine tomate,0,0,0,0,0,1
sel oignon pomme de terre thon salade couscous,1,0,0,1,0,0
carotte sel epinard agneau pomme de terre poivre,0,0,0,0,0,0
aubergine semoule mayonnaise champignon noix sucre crabe thym,1,0,1,0,1,0
curcuma huile epinard persil noix courgette poulet,0,0,0,0,0,0
aubergine persil,0,0,0,0,0,1
sucre pomme de terre noix oeuf curcuma aubergine,0,0,1,0,0,1
cumin tomate noix,0,0,0,0,0,1
aubergine poivre pomme de terre ail thym veau,0,0,0,0,0,0
sel paprika salade champignon couscous,1,0,0,0,0,1
aubergine lait epinard creme cumin sucre tomate,0,1,0,0,0,1
persil pain olive fromage poivron,1,1,0,0,0,1
oeuf lait champignon citron sel pates salade pomme de terre noix,1,1,1,0,0,1
sucre curcuma noix carotte poivre champignon poivron brioche,1,0,0,0,0,1
ail miel poulet semoule oeuf aubergine curcuma citron concombre,1,0,1,0,0,0
pomme de terre thym yaourt citron sel brioche,1,1,0,0,0,1
tomate persil miel sel brioche,1,0,0,0,0,1
paprika tomate concombre boeuf oeuf,0,0,1,0,0,0
aubergine courgette oeuf yaourt thym,0,1,1,0,0,1
chocolat champignon oignon agneau aubergine thym cumin,0,0,0,0,0,0
pain chocolat paprika courgette sel olive oeuf,1,0,1,0,0,1
curcuma concombre lait orge poivron,1,1,0,0,0,1
couscous ail thon citron paprika,1,0,0,1,0,0
boeuf chocolat poivron sel olive mascarpone biscuit,1,1,0,0,0,0
cabillaud curcuma miel carotte champignon,0,0,0,1,0,0
oignon concombre sel biscuit carotte couscous huile olive,1,0,0,0,0,1
agneau salade oignon sel courgette,0,0,0,0,0,0
farine champignon cumin carotte noix cafe,1,0,0,0,0,1
persil sel oignon carotte salade olive,0,0,0,0,0,1
cumin oignon noix curcuma mascarpone chocolat,0,1,0,0,0,1
sel poivron concombre parmesan courgette,0,1,0,0,0,1
pomme de terre champignon thym courgette,0,0,0,0,0,1
paprika huile salade,0,0,0,0,0,1
chocolat ail cafe courgette poivre,0,0,0,0,0,1
tomate champignon sucre concombre beurre sardine curcuma sel,0,1,0,1,0,0
mascarpone thym courgette curcuma parmesan epinard concombre,0,1,0,0,0,1
aubergine sel yaourt miel cafe paprika,0,1,0,0,0,1
pomme de terre dinde olive cumin poivron champignon cafe,0,0,0,0,0,0
sel thon courgette ail cafe beurre,0,1,0,1,0,0
mayonnaise cumin ail crabe,0,0,1,0,1,0
miel ail thym pain cafe curcuma,1,0,0,0,0,1
carotte mayonnaise paprika sucre boeuf,0,0,1,0,0,0
cumin sardine thym aubergine pain,1,0,0,1,0,0
oignon chocolat sel huile salade semoule persil,1,0,0,0,0,1
creme olive miel courgette paprika,0,1,0,0,0,1
cumin curcuma poivron mayonnaise miel pomme de terre chocolat epinard,0,0,1,0,0,1
veau poivre fromage oeuf huile cumin champignon,0,1,1,0,0,0
poivron sel carotte homard,0,0,0,0,1,0
courgette poivre sel mascarpone olive mozzarella cafe,0,1,0,0,0,1
tomate paprika cumin,0,0,0,0,0,1
olive pates crabe aubergine thym carotte,1,0,0,0,1,0
tomate cumin farine persil agneau courgette mozzarella salade,1,1,0,0,0,0
cumin mayonnaise olive pain fromage champignon huile paprika pomme de terre couscous,1,1,1,0,0,1
mayonnaise curcuma miel salade homard carotte concombre,0,0,1,0,1,0
concombre orge couscous olive poivre,1,0,0,0,0,1
concombre aubergine cumin huile courgette orge,1,0,0,0,0,1
champignon oignon beurre persil poivre,0,1,0,0,0,1
salade semoule paprika epinard thym oignon,1,0,0,0,0,1
concombre boeuf persil salade sel mozzarella oignon,0,1,0,0,0,0
ail cumin poulet pomme de terre,0,0,0,0,0,0
oignon miel sel yaourt curcuma champignon citron poivron,0,1,0,0,0,1
epinard orge paprika salade oignon dinde,1,0,0,0,0,0
olive boeuf miel pomme de terre thym epinard poivron,0,0,0,0,0,0
pain noix sucre semoule couscous carotte thym poivron,1,0,0,0,0,1
curcuma poivron lait,0,1,0,0,0,1
biscuit poivre lait tomate,1,1,0,0,0,1
farine salade chocolat mozzarella thym miel poivron parmesan tomate,1,1,0,0,0,1
concombre paprika carotte cumin champignon,0,0,0,0,0,1
poivron sucre concombre orge cumin,1,0,0,0,0,1
miel oeuf paprika biscuit cumin poivron cafe champignon,1,0,1,0,0,1
pomme de terre agneau epinard curcuma courgette cafe miel sel,0,0,0,0,0,0
curcuma ail miel tomate sucre bar oignon mayonnaise,0,0,1,1,0,0
poulet pain cafe miel mascarpone paprika sel epinard,1,1,0,0,0,0
cafe crevette thym salade miel cumin,0,0,0,0,1,0
champignon pates pomme de terre cafe parmesan ail sucre cumin couscous,1,1,0,0,0,1
sel oeuf pates mascarpone aubergine paprika courgette champignon,1,1,1,0,0,1
poivre tomate brioche courgette thym citron noix,1,0,0,0,0,1
lait creme concombre oeuf biscuit persil ail champignon mascarpone,1,1,1,0,0,1
cumin lait champignon salade huile,0,1,0,0,0,1
thym parmesan oignon chocolat sardine sucre,0,1,0,1,0,0
calamar thym champignon citron,0,0,0,0,1,0
brioche persil oignon salade thym semoule oeuf,1,0,1,0,0,1
champignon sardine orge sel,1,0,0,1,0,0
poivron courgette thon sel tomate chocolat persil,0,0,0,1,0,0
homard paprika poivron huile poivre,0,0,0,0,1,0
salade poivre aubergine crevette sucre thym,0,0,0,0,1,0
epinard salade huile carotte sucre sel,0,0,0,0,0,1
sucre champignon poivre veau,0,0,0,0,0,0
oeuf oignon curcuma concombre pomme de terre biscuit thym,1,0,1,0,0,1
persil paprika mayonnaise champignon pomme de terre,0,0,1,0,0,1
persil ail aubergine tomate mayonnaise cafe sel,0,0,1,0,0,1
sucre sel courgette poivre,0,0,0,0,0,1
thym carotte epinard curcuma salade,0,0,0,0,0,1
salade cabillaud sel olive poivron,0,0,0,1,0,0
thym courgette oignon pomme de terre poulet,0,0,0,0,0,0
epinard brioche sel aubergine couscous,1,0,0,0,0,1
miel paprika oeuf salade fromage poivre,0,1,1,0,0,1
cumin carotte sel farine,1,0,0,0,0,1
pomme de terre fromage sel poivre miel poivron huile ail,0,1,0,0,0,1
poivre cumin oeuf concombre,0,0,1,0,0,1
pomme de terre lait sel mayonnaise mascarpone aubergine parmesan,0,1,1,0,0,1
chocolat sucre persil mascarpone concombre pomme de terre,0,1,0,0,0,1
pomme de terre bar citron poivron mayonnaise curcuma salade noix,0,0,1,1,0,0
poulet biscuit persil curcuma tomate aubergine carotte sucre noix,1,0,0,0,0,0
sel poivre pomme de terre semoule,1,0,0,0,0,1
cumin citron mascarpone courgette creme cafe pain,1,1,0,0,0,1
brioche poivre courgette carotte tomate,1,0,0,0,0,1
concombre cafe oeuf paprika,0,0,1,0,0,1
cafe poivron moule sucre epinard curcuma,0,0,0,0,1,0
couscous tomate epinard concombre sel sucre,1,0,0,0,0,1
pomme de terre carotte homard salade paprika olive sel,0,0,0,0,1,0
cumin thym semoule salade pates,1,0,0,0,0,1
pates persil curcuma aubergine tomate poivron mayonnaise,1,0,1,0,0,1
cumin persil parmesan ail aubergine concombre,0,1,0,0,0,1
creme cumin courgette fromage salade epinard poivre miel,0,1,0,0,0,1
couscous olive carotte semoule brioche tomate sel citron,1,0,0,0,0,1
paprika aubergine olive poivre champignon noix carotte mayonnaise,0,0,1,0,0,1
curcuma sucre aubergine boeuf courgette,0,0,0,0,0,0
couscous cumin yaourt sucre aubergine paprika epinard miel mayonnaise,1,1,1,0,0,1
concombre thym olive sel mayonnaise,0,0,1,0,0,1
paprika oeuf tomate pomme de terre ail,0,0,1,0,0,1
thym carotte concombre persil mozzarella noix,0,1,0,0,0,1
champignon thym tomate ail cumin miel,0,0,0,0,0,1
sel lait pomme de terre thym carotte,0,1,0,0,0,1
sel noix ail brioche champignon oeuf beurre,1,1,1,0,0,1
epinard thym,0,0,0,0,0,1
lait parmesan mascarpone tomate sel biscuit,1,1,0,0,0,1
aubergine pomme de terre couscous poivre brioche epinard,1,0,0,0,0,1
oeuf concombre mozzarella noix paprika bar huile carotte,0,1,1,1,0,0
cafe sel pates poivron chocolat,1,0,0,0,0,1
miel champignon cumin persil pomme de terre homard,0,0,0,0,1,0
pain persil miel concombre citron semoule,1,0,0,0,0,1
thym tomate poivron,0,0,0,0,0,1
dinde pomme de terre carotte oignon thym biscuit,1,0,0,0,0,0
ail pain thym sel agneau huile,1,0,0,0,0,0
poivron aubergine persil cumin orge oeuf sucre miel salade,1,0,1,0,0,1
courgette biscuit poivron curcuma noix,1,0,0,0,0,1
thym oignon pates couscous mayonnaise,1,0,1,0,0,1
huile thym dinde carotte,0,0,0,0,0,0
citron poivron pates poivre paprika,1,0,0,0,0,1
pain carotte cafe agneau persil champignon,1,0,0,0,0,0
concombre poivre orge chocolat,1,0,0,0,0,1
biscuit tomate sel chocolat pates oignon,1,0,0,0,0,1
cafe carotte paprika mozzarella orge poivron persil,1,1,0,0,0,1
concombre cafe champignon sel oignon,0,0,0,0,0,1
parmesan tomate cumin concombre oignon sel,0,1,0,0,0,1
chocolat courgette mozzarella yaourt aubergine persil paprika poivron,0,1,0,0,0,1
sucre homard courgette poivre cumin miel champignon carotte,0,0,0,0,1,0
epinard pates citron parmesan sel poivre ail carotte,1,1,0,0,0,1
farine aubergine yaourt oignon thym olive,1,1,0,0,0,1
olive poivre concombre brioche sel,1,0,0,0,0,1
champignon sel chocolat oignon tomate thym,0,0,0,0,0,1
poivre creme salade,0,1,0,0,0,1
sel brioche champignon,1,0,0,0,0,1
persil bar courgette olive noix,0,0,0,1,0,0
pomme de terre chocolat paprika pain curcuma concombre epinard,1,0,0,0,0,1
aubergine citron fromage poivre lait semoule,1,1,0,0,0,1
semoule carotte concombre poivre biscuit epinard,1,0,0,0,0,1
salade persil oignon olive,0,0,0,0,0,1
poulet cumin chocolat olive carotte tomate pates,1,0,0,0,0,0
sel paprika concombre pomme de terre tomate,0,0,0,0,0,1
noix champignon farine cumin couscous,1,0,0,0,0,1
poivron courgette curcuma,0,0,0,0,0,1
thon oeuf pomme de terre carotte persil poivre huile ail,0,0,1,1,0,0
carotte lait mayonnaise poivre pain persil pomme de terre beurre sucre concombre huile,1,1,1,0,0,1
carotte tomate cumin champignon orge pain,1,0,0,0,0,1
orge moule poivre miel oeuf courgette poivron,1,0,1,0,1,0
moule semoule carotte persil,1,0,0,0,1,0
thon epinard aubergine cumin citron pomme de terre orge huile,1,0,0,1,0,0
poivre poivron champignon,0,0,0,0,0,1
aubergine concombre cumin crevette,0,0,0,0,1,0
curcuma cafe semoule persil mascarpone champignon,1,1,0,0,0,1
poivron paprika poulet yaourt,0,1,0,0,0,0
pain curcuma aubergine brioche thym,1,0,0,0,0,1
champignon concombre salade fromage thym,0,1,0,0,0,1
chocolat courgette oignon orge sel poivron,1,0,0,0,0,1
epinard olive paprika persil moule,0,0,0,0,1,0
poivre salade poivron epinard fromage,0,1,0,0,0,1
sucre sel creme mozzarella courgette huile,0,1,0,0,0,1
curcuma champignon olive moule persil pomme de terre lait mayonnaise epinard,0,1,1,0,1,0
ail aubergine curcuma oeuf farine concombre,1,0,1,0,0,1
bar epinard sel concombre parmesan,0,1,0,1,0,0
carotte thym sucre olive epinard saumon poivron,0,0,0,1,0,0
poivre tomate miel cafe creme,0,1,0,0,0,1
oignon miel thym paprika oeuf huile aubergine tomate,0,0,1,0,0,1
epinard sel cafe chocolat oignon paprika,0,0,0,0,0,1
olive biscuit persil pomme de terre,1,0,0,0,0,1
salade dinde poivre aubergine cumin concombre,0,0,0,0,0,0
curcuma chocolat courgette pomme de terre semoule mayonnaise,1,0,1,0,0,1
persil agneau ail olive cumin epinard tomate,0,0,0,0,0,0
cafe poivre cumin poivron sucre,0,0,0,0,0,1
persil epinard veau tomate,0,0,0,0,0,0
pates sucre cumin boeuf tomate poivron curcuma,1,0,0,0,0,0
curcuma courgette calamar oignon pain,1,0,0,0,1,0
poivre tomate mascarpone brioche biscuit,1,1,0,0,0,1
carotte citron courgette persil noix curcuma epinard,0,0,0,0,0,1
pomme de terre oeuf salade miel tomate paprika semoule,1,0,1,0,0,1
ail mozzarella noix pates aubergine thym cumin mascarpone poivron,1,1,0,0,0,1
pomme de terre paprika parmesan creme sel carotte cafe,0,1,0,0,0,1
tomate carotte aubergine orge huile thym noix sel,1,0,0,0,0,1
chocolat persil cafe champignon,0,0,0,0,0,1
cafe oeuf homard poivre thym mascarpone orge ail champignon aubergine citron,1,1,1,0,1,0
miel couscous epinard courgette cumin sardine,1,0,0,1,0,0
persil creme aubergine curcuma sardine sucre couscous huile,1,1,0,1,0,0
paprika miel carotte pomme de terre ail sucre,0,0,0,0,0,1
cafe cumin brioche agneau miel poivron ail,1,0,0,0,0,0
lait poivre parmesan champignon poivron cumin,0,1,0,0,0,1
curcuma agneau poivron huile,0,0,0,0,0,0
poivre paprika miel crabe tomate,0,0,0,0,1,0
champignon chocolat noix yaourt ail parmesan persil courgette,0,1,0,0,0,1
pomme de terre aubergine epinard pates olive curcuma dinde sucre parmesan,1,1,0,0,0,0
cumin miel thym aubergine,0,0,0,0,0,1
persil noix biscuit brioche olive concombre,1,0,0,0,0,1
cafe pomme de terre thym pates farine,1,0,0,0,0,1
pomme de terre sel persil tomate mozzarella oeuf ail,0,1,1,0,0,1
citron huile concombre epinard poivre oignon persil,0,0,0,0,0,1
sucre creme orge courgette parmesan sel noix poivre,1,1,0,0,0,1
lait epinard aubergine ail curcuma poivre sucre,0,1,0,0,0,1
thym champignon brioche paprika,1,0,0,0,0,1
brioche poivron olive noix persil,1,0,0,0,0,1
oeuf courgette noix semoule miel farine curcuma,1,0,1,0,0,1
sel olive aubergine beurre,0,1,0,0,0,1
olive crabe sel paprika champignon chocolat salade courgette orge,1,0,0,0,1,0
curcuma thym olive ail cafe sardine,0,0,0,1,0,0
veau poivre sel oignon,0,0,0,0,0,0
noix curcuma courgette crabe,0,0,0,0,1,0
pomme de terre paprika thym carotte farine sardine poivron,1,0,0,1,0,0
concombre poivron cumin pomme de terre poivre beurre,0,1,0,0,0,1
farine oignon huile chocolat cumin concombre,1,0,0,0,0,1
dinde sel ail,0,0,0,0,0,0
persil poivre epinard mayonnaise,0,0,1,0,0,1
pomme de terre cumin sel concombre,0,0,0,0,0,1
huile carotte brioche mozzarella curcuma cabillaud paprika miel,1,1,0,1,0,0
curcuma citron concombre pomme de terre mayonnaise,0,0,1,0,0,1
thym curcuma brioche concombre,1,0,0,0,0,1
mascarpone concombre miel lait sel,0,1,0,0,0,1
pomme de terre pates sel thym courgette,1,0,0,0,0,1
carotte poivron poivre,0,0,0,0,0,1
sel oeuf salade poivre miel chocolat,0,0,1,0,0,1
oeuf thym chocolat citron carotte pates persil tomate mayonnaise concombre,1,0,1,0,0,1
sel crevette concombre,0,0,0,0,1,0
paprika cumin parmesan poivron courgette crabe epinard,0,1,0,0,1,0
ail chocolat fromage tomate paprika,0,1,0,0,0,1
curcuma pomme de terre tomate persil dinde,0,0,0,0,0,0
beurre curcuma paprika courgette biscuit,1,1,0,0,0,1
creme thym persil pomme de terre orge,1,1,0,0,0,1
pain courgette paprika crabe poivre fromage,1,1,0,0,1,0
paprika huile concombre dinde poivre,0,0,0,0,0,0
semoule cumin paprika ail oeuf salade,1,0,1,0,0,1
aubergine pomme de terre persil salade cumin oeuf,0,0,1,0,0,1
cumin chocolat miel aubergine saumon,0,0,0,1,0,0
citron tomate sel concombre homard sucre,0,0,0,0,1,0
epinard mascarpone poivre oignon courgette,0,1,0,0,0,1
yaourt oignon thym,0,1,0,0,0,1
sucre poivre sel tomate dinde citron,0,0,0,0,0,0
farine persil lait huile tomate paprika epinard,1,1,0,0,0,1
salade persil huile olive tomate,0,0,0,0,0,1
miel aubergine paprika ail veau chocolat courgette,0,0,0,0,0,0
cafe persil mayonnaise poivre fromage oignon citron,0,1,1,0,0,1
mascarpone poivron salade poivre fromage curcuma oignon,0,1,0,0,0,1
chocolat olive thym brioche poivron pomme de terre,1,0,0,0,0,1
biscuit miel epinard cumin pain concombre tomate,1,0,0,0,0,1
paprika orge courgette crevette persil citron,1,0,0,0,1,0
boeuf sucre poivron thym chocolat cumin parmesan,0,1,0,0,0,0
agneau cumin courgette sucre chocolat,0,0,0,0,0,0
champignon oeuf sel thym poivron tomate,0,0,1,0,0,1
biscuit miel mozzarella poivre pomme de terre oeuf,1,1,1,0,0,1
semoule concombre sucre persil parmesan lait,1,1,0,0,0,1
oignon sel ail champignon biscuit pates persil,1,0,0,0,0,1
aubergine ail brioche oignon persil sel,1,0,0,0,0,1
tomate saumon oignon thym pomme de terre,0,0,0,1,0,0
champignon persil concombre oignon crabe,0,0,0,0,1,0
tomate paprika curcuma olive citron yaourt,0,1,0,0,0,1
pomme de terre biscuit thym champignon courgette,1,0,0,0,0,1
aubergine persil paprika miel courgette orge oignon farine,1,0,0,0,0,1
sucre salade chocolat poivre tomate yaourt creme sel,0,1,0,0,0,1
tomate cumin,0,0,0,0,0,1
tomate olive citron sel oeuf,0,0,1,0,0,1
champignon poivre noix crevette farine cumin,1,0,0,0,1,0
oeuf poivre aubergine sucre curcuma pain,1,0,1,0,0,1
miel paprika poivre champignon aubergine salade,0,0,0,0,0,1
saumon poivron oeuf thym aubergine paprika,0,0,1,1,0,0
brioche boeuf paprika olive oignon huile champignon,1,0,0,0,0,0
poivre concombre champignon sel oignon homard biscuit,1,0,0,0,1,0
fromage sel courgette poivron miel cafe cabillaud,0,1,0,1,0,0
epinard concombre poivre aubergine,0,0,0,0,0,1
persil mascarpone ail huile curcuma pomme de terre,0,1,0,0,0,1
noix cumin poivron paprika aubergine salade,0,0,0,0,0,1
concombre courgette miel thym semoule sel crevette beurre,1,1,0,0,1,0
sucre brioche paprika cafe champignon,1,0,0,0,0,1
cumin huile concombre sel sucre epinard lait creme,0,1,0,0,0,1
persil courgette noix lait mayonnaise,0,1,1,0,0,1
miel couscous cumin boeuf oignon,1,0,0,0,0,0
mozzarella fromage creme oignon curcuma,0,1,0,0,0,1
persil dinde brioche miel sel aubergine,1,0,0,0,0,0
cafe olive aubergine mayonnaise cumin carotte,0,0,1,0,0,1
bar curcuma champignon oeuf aubergine courgette miel olive,0,0,1,1,0,0
boeuf persil tomate,0,0,0,0,0,0
aubergine poivre thym agneau farine,1,0,0,0,0,0
poivre oeuf huile tomate orge,1,0,1,0,0,1
champignon cafe poivre pomme de terre,0,0,0,0,0,1
courgette lait paprika cafe huile,0,1,0,0,0,1
miel huile paprika epinard,0,0,0,0,0,1
poivron paprika chocolat carotte citron bar lait,0,1,0,1,0,0
concombre fromage noix pomme de terre poivron mascarpone mozzarella sel persil,0,1,0,0,0,1
chocolat pomme de terre curcuma cabillaud miel oeuf,0,0,1,1,0,0
oeuf aubergine salade pomme de terre thym,0,0,1,0,0,1
curcuma oignon paprika chocolat ail olive tomate agneau,0,0,0,0,0,0
champignon olive ail noix aubergine curcuma mayonnaise yaourt,0,1,1,0,0,1
cumin epinard noix tomate citron bar,0,0,0,1,0,0
semoule paprika oeuf pomme de terre poivre chocolat poivron,1,0,1,0,0,1
olive ail poivre lait sucre pates mozzarella,1,1,0,0,0,1
persil pates epinard beurre poivre semoule,1,1,0,0,0,1
huile yaourt sel paprika lait concombre fromage,0,1,0,0,0,1
poulet aubergine carotte pomme de terre brioche creme curcuma,1,1,0,0,0,0
oignon champignon mayonnaise biscuit cumin,1,0,1,0,0,1
poivre tomate lait sucre noix mozzarella paprika oeuf,0,1,1,0,0,1
sucre pomme de terre salade poivre cumin,0,0,0,0,0,1
chocolat poivron paprika champignon thym,0,0,0,0,0,1
brioche thym oignon cumin farine,1,0,0,0,0,1
parmesan curcuma poivre sardine citron concombre,0,1,0,1,0,0
poivre oignon mayonnaise epinard courgette,0,0,1,0,0,1
persil carotte thym lait citron cafe,0,1,0,0,0,1
aubergine courgette thym carotte olive,0,0,0,0,0,1
parmesan curcuma olive carotte thym courgette salade biscuit,1,1,0,0,0,1
courgette salade oeuf curcuma parmesan aubergine,0,1,1,0,0,1
tomate cumin oignon huile sel,0,0,0,0,0,1
brioche epinard biscuit poivre orge ail,1,0,0,0,0,1
sel thym oignon poivron dinde,0,0,0,0,0,0
oignon cumin noix cafe carotte poivre poulet,0,0,0,0,0,0
sel cumin concombre huile mayonnaise pomme de terre salade noix dinde,0,0,1,0,0,0
cafe miel moule tomate thym oignon champignon,0,0,0,0,1,0
carotte paprika sel miel boeuf,0,0,0,0,0,0
sel poulet pomme de terre noix huile,0,0,0,0,0,0
noix tomate poivron sel dinde miel yaourt,0,1,0,0,0,0
pomme de terre sucre cafe thym,0,0,0,0,0,1
poivre agneau poivron persil champignon,0,0,0,0,0,0
pomme de terre cumin concombre farine chocolat brioche champignon,1,0,0,0,0,1
citron salade paprika oignon mozzarella champignon,0,1,0,0,0,1
saumon thym mayonnaise oignon concombre sel champignon,0,0,1,1,0,0
poivre tomate concombre miel chocolat pates veau ail,1,0,0,0,0,0
beurre sucre noix parmesan courgette orge thym ail aubergine sel,1,1,0,0,0,1
pomme de terre mayonnaise semoule curcuma tomate chocolat huile,1,0,1,0,0,1
aubergine sel oignon huile persil ail miel,0,0,0,0,0,1
olive aubergine farine courgette miel poivron poivre thym,1,0,0,0,0,1
moule curcuma olive pomme de terre tomate concombre biscuit poivre mayonnaise,1,0,1,0,1,0
epinard curcuma pomme de terre,0,0,0,0,0,1
paprika ail thon oeuf pomme de terre persil,0,0,1,1,0,0
salade carotte curcuma moule aubergine,0,0,0,0,1,0
sel courgette cafe persil oeuf,0,0,1,0,0,1
mascarpone sel fromage courgette,0,1,0,0,0,1
poivron courgette concombre cumin,0,0,0,0,0,1
boeuf tomate miel thym paprika,0,0,0,0,0,0
sardine sel farine ail concombre,1,0,0,1,0,0
mayonnaise concombre thym sel champignon beurre,0,1,1,0,0,1
salade paprika tomate mayonnaise thon mascarpone,0,1,1,1,0,0
fromage pomme de terre beurre epinard curcuma creme champignon chocolat,0,1,0,0,0,1
poivre lait thym oignon olive tomate,0,1,0,0,0,1
huile ail poivre orge aubergine mascarpone persil salade,1,1,0,0,0,1
huile thym mascarpone fromage pomme de terre champignon paprika mozzarella salade mayonnaise,0,1,1,0,0,1
ail sel poivre oeuf olive cafe dinde pain,1,0,1,0,0,0
persil ail poivron biscuit courgette sucre bar,1,0,0,1,0,0
brioche poivron farine pomme de terre poivre,1,0,0,0,0,1
sel chocolat epinard olive,0,0,0,0,0,1
semoule oeuf champignon thym miel,1,0,1,0,0,1
cumin epinard sel,0,0,0,0,0,1
miel cumin farine oignon tomate mayonnaise paprika champignon citron,1,0,1,0,0,1
paprika aubergine carotte mozzarella olive thym epinard,0,1,0,0,0,1
sel pomme de terre cafe oeuf poivre biscuit mayonnaise,1,0,1,0,0,1
persil concombre agneau tomate,0,0,0,0,0,0
tomate persil salade citron concombre farine pates,1,0,0,0,0,1
parmesan champignon poivron concombre chocolat sel dinde,0,1,0,0,0,0
curcuma aubergine persil semoule,1,0,0,0,0,1
semoule miel salade oeuf pomme de terre ail persil cumin,1,0,1,0,0,1
mozzarella oignon paprika sel noix fromage oeuf aubergine tomate,0,1,1,0,0,1
ail creme cafe aubergine sel oeuf sucre,0,1,1,0,0,1
orge poivre epinard creme thym tomate oignon,1,1,0,0,0,1
epinard aubergine boeuf olive oignon cumin cafe,0,0,0,0,0,0
poivre cafe ail salade noix,0,0,0,0,0,1
veau persil yaourt concombre,0,1,0,0,0,0
paprika thym tomate miel sucre beurre,0,1,0,0,0,1
mozzarella cumin noix ail miel,0,1,0,0,0,1
pates pomme de terre pain poivre carotte concombre persil,1,0,0,0,0,1
farine carotte concombre paprika persil,1,0,0,0,0,1
lait poivron couscous chocolat paprika oeuf,1,1,1,0,0,1
paprika cafe thon champignon huile concombre thym pomme de terre,0,0,0,1,0,0
sel ail poivre oeuf miel,0,0,1,0,0,1
tomate mozzarella paprika miel parmesan courgette oignon,0,1,0,0,0,1
curcuma agneau poivre carotte olive,0,0,0,0,0,0
sucre parmesan epinard miel curcuma aubergine persil,0,1,0,0,0,1
poivre tomate courgette,0,0,0,0,0,1
salade courgette poivron fromage sel,0,1,0,0,0,1
couscous persil cafe paprika chocolat champignon poulet,1,0,0,0,0,0
ail beurre oignon lait salade poivre huile,0,1,0,0,0,1
champignon poivron aubergine persil huile paprika,0,0,0,0,0,1
poivron persil crevette epinard courgette,0,0,0,0,1,0
orge poivron salade chocolat concombre paprika pates poivre,1,0,0,0,0,1
oignon yaourt miel poivre lait aubergine biscuit,1,1,0,0,0,1
beurre sel aubergine yaourt oeuf brioche courgette poivre,1,1,1,0,0,1
pomme de terre paprika semoule biscuit,1,0,0,0,0,1
pomme de terre huile persil chocolat sel semoule crabe,1,0,0,0,1,0
mayonnaise poivre concombre curcuma oignon mascarpone courgette,0,1,1,0,0,1
persil paprika huile poulet tomate sucre ail,0,0,0,0,0,0
mascarpone concombre thym champignon chocolat,0,1,0,0,0,1
concombre sel tomate citron calamar,0,0,0,0,1,0
olive cumin persil miel ail,0,0,0,0,0,1
mascarpone ail thym salade chocolat courgette biscuit poivre poulet,1,1,0,0,0,0
bar pain cafe sucre paprika pomme de terre,1,0,0,1,0,0
curcuma pomme de terre paprika miel crevette aubergine,0,0,0,0,1,0
biscuit dinde huile concombre paprika noix,1,0,0,0,0,0
lait courgette paprika aubergine thym cafe oeuf salade noix,0,1,1,0,0,1
aubergine poivre paprika courgette epinard semoule,1,0,0,0,0,1
farine oeuf concombre salade curcuma,1,0,1,0,0,1
biscuit persil ail salade huile concombre olive,1,0,0,0,0,1
huile paprika epinard biscuit moule,1,0,0,0,1,0
aubergine noix oignon curcuma thym,0,0,0,0,0,1
carotte salade concombre oeuf cumin,0,0,1,0,0,1
yaourt oignon champignon curcuma lait epinard,0,1,0,0,0,1
sucre champignon thym mascarpone parmesan citron mayonnaise,0,1,1,0,0,1
yaourt thym concombre persil carotte tomate beurre,0,1,0,0,0,1
poivre brioche poivron veau,1,0,0,0,0,0
persil saumon oignon concombre,0,0,0,1,0,0
citron persil poivre pates aubergine huile ail,1,0,0,0,0,1
tomate pates chocolat citron mascarpone parmesan oignon cumin,1,1,0,0,0,1
oignon salade chocolat cumin huile pates pain,1,0,0,0,0,1
cabillaud epinard courgette pates persil ail,1,0,0,1,0,0
paprika citron tomate olive,0,0,0,0,0,1
sel veau oignon curcuma sucre olive mayonnaise poivron,0,0,1,0,0,0
noix sel pomme de terre epinard brioche,1,0,0,0,0,1
persil epinard mayonnaise poivre semoule sucre salade beurre,1,1,1,0,0,1
mascarpone olive poivre tomate paprika salade chocolat,0,1,0,0,0,1
champignon miel mascarpone farine cumin oeuf oignon citron thym,1,1,1,0,0,1
concombre couscous sucre curcuma orge miel pain pomme de terre,1,0,0,0,0,1
oeuf sardine thym pates miel courgette curcuma citron,1,0,1,1,0,0
couscous pomme de terre curcuma sel farine,1,0,0,0,0,1
concombre paprika olive brioche mozzarella salade poivron,1,1,0,0,0,1
thym bar champignon ail tomate,0,0,0,1,0,0
citron beurre noix poivron sel,0,1,0,0,0,1
biscuit citron salade oeuf cumin pomme de terre,1,0,1,0,0,1
pates mayonnaise poulet carotte thym poivron,1,0,1,0,0,0
pain persil aubergine couscous poivre,1,0,0,0,0,1
sel mozzarella pomme de terre concombre poivre mascarpone aubergine,0,1,0,0,0,1
tomate poivron oignon citron sucre calamar cumin,0,0,0,0,1,0
citron mozzarella thym epinard poivre oeuf,0,1,1,0,0,1
noix concombre thym boeuf aubergine,0,0,0,0,0,0
aubergine cafe cumin concombre paprika pomme de terre,0,0,0,0,0,1
carotte concombre persil courgette,0,0,0,0,0,1
thym veau persil champignon,0,0,0,0,0,0
bar noix poivron pain courgette curcuma ail persil,1,0,0,1,0,0
oeuf carotte creme miel champignon sel,0,1,1,0,0,1
chocolat salade oeuf cabillaud thym curcuma,0,0,1,1,0,0
carotte mayonnaise thym miel poivron cafe paprika,0,0,1,0,0,1
paprika sucre citron farine pain epinard,1,0,0,0,0,1
cafe oignon courgette saumon epinard curcuma,0,0,0,1,0,0
concombre couscous semoule oeuf curcuma thym,1,0,1,0,0,1
poivron persil pain huile chocolat champignon poivre,1,0,0,0,0,1
curcuma semoule sel salade,1,0,0,0,0,1
concombre paprika huile oeuf pomme de terre thym tomate sucre,0,0,1,0,0,1
courgette ail sucre sel fromage cafe,0,1,0,0,0,1
paprika mayonnaise brioche pates salade thym,1,0,1,0,0,1
olive cumin ail sucre mayonnaise brioche,1,0,1,0,0,1
curcuma poivron courgette farine poivre,1,0,0,0,0,1
oeuf couscous sel carotte mascarpone,1,1,1,0,0,1
poivron mayonnaise brioche cumin salade thym,1,0,1,0,0,1
ail huile thym cafe curcuma oignon epinard,0,0,0,0,0,1
poivron cafe mayonnaise sucre cumin champignon,0,0,1,0,0,1
mayonnaise saumon semoule tomate paprika sel aubergine olive creme noix,1,1,1,1,0,0
curcuma champignon homard huile oeuf paprika miel,0,0,1,0,1,0
citron aubergine poivre beurre pates,1,1,0,0,0,1
pain dinde sel tomate thym,1,0,0,0,0,0
lait chocolat poivre aubergine carotte thym,0,1,0,0,0,1
citron sucre oignon mayonnaise ail pain poivre yaourt carotte,1,1,1,0,0,1
thym ail lait couscous huile oignon paprika creme,1,1,0,0,0,1
poivre carotte citron cumin,0,0,0,0,0,1
poivre courgette epinard biscuit curcuma tomate citron huile,1,0,0,0,0,1
paprika mayonnaise pomme de terre brioche,1,0,1,0,0,1
creme poivre farine sel sucre oignon bar chocolat,1,1,0,1,0,0
paprika pomme de terre thym courgette farine,1,0,0,0,0,1
orge sucre tomate semoule ail cumin,1,0,0,0,0,1
oeuf epinard parmesan calamar paprika semoule poivre tomate,1,1,1,0,1,0
persil salade curcuma biscuit,1,0,0,0,0,1
pomme de terre poivre oeuf sel thon noix epinard salade,0,0,1,1,0,0
tomate miel oignon chocolat poivre carotte oeuf thym,0,0,1,0,0,1
persil cafe poivron crevette noix,0,0,0,0,1,0
tomate olive poivre agneau,0,0,0,0,0,0
cumin ail curcuma mayonnaise,0,0,1,0,0,1
veau citron pomme de terre paprika carotte concombre,0,0,0,0,0,0
cafe fromage orge thym dinde noix oignon,1,1,0,0,0,0
pates paprika huile champignon persil,1,0,0,0,0,1
concombre sel veau,0,0,0,0,0,0
citron beurre carotte fromage poivre yaourt poivron aubergine chocolat,0,1,0,0,0,1
sel miel brioche poivre epinard olive,1,0,0,0,0,1
olive yaourt curcuma paprika epinard aubergine lait,0,1,0,0,0,1
salade thym mozzarella,0,1,0,0,0,1
semoule aubergine thym,1,0,0,0,0,1
paprika biscuit pomme de terre aubergine chocolat cumin poivron yaourt citron crabe,1,1,0,0,1,0
lait poivron epinard curcuma paprika concombre,0,1,0,0,0,1
pain huile beurre epinard citron aubergine poivre lait curcuma tomate,1,1,0,0,0,1
thym poivre epinard huile mayonnaise pomme de terre lait miel,0,1,1,0,0,1
tomate pomme de terre sel cafe veau concombre cumin,0,0,0,0,0,0
tomate noix chocolat oeuf sel,0,0,1,0,0,1
pates paprika cafe carotte thym olive pomme de terre veau champignon,1,0,0,0,0,0
curcuma concombre epinard,0,0,0,0,0,1
courgette thym sel,0,0,0,0,0,1
huile sucre courgette lait paprika oeuf poivron,0,1,1,0,0,1
citron ail persil creme yaourt poivron sel,0,1,0,0,0,1
poivron paprika cumin cabillaud,0,0,0,1,0,0
epinard olive paprika poivron salade huile veau orge,1,0,0,0,0,0
cafe cabillaud poivre pomme de terre carotte ail,0,0,0,1,0,0
poivre noix aubergine moule poivron pomme de terre persil miel,0,0,0,0,1,0
tomate mayonnaise ail persil,0,0,1,0,0,1
cafe miel poivre thym ail,0,0,0,0,0,1
tomate curcuma pomme de terre concombre poivre mayonnaise,0,0,1,0,0,1
oignon ail carotte paprika,0,0,0,0,0,1
persil oeuf aubergine dinde lait,0,1,1,0,0,0
persil carotte noix cafe saumon cumin,0,0,0,1,0,0
persil olive curcuma poivron chocolat cabillaud,0,0,0,1,0,0
citron epinard thym poivre,0,0,0,0,0,1
parmesan pomme de terre semoule concombre salade thym,1,1,0,0,0,1
pates oeuf aubergine boeuf persil,1,0,1,0,0,0
thym aubergine curcuma orge courgette oignon,1,0,0,0,0,1
courgette noix olive curcuma pain paprika biscuit,1,0,0,0,0,1
miel mayonnaise veau citron thym oignon,0,0,1,0,0,0
tomate pomme de terre mozzarella persil,0,1,0,0,0,1
oeuf citron huile aubergine pain curcuma semoule,1,0,1,0,0,1
thym huile farine epinard cafe poivron carotte,1,0,0,0,0,1
chocolat ail huile poulet tomate oeuf curcuma,0,0,1,0,0,0
poivre oignon noix champignon sucre poivron,0,0,0,0,0,1
courgette thym sel pomme de terre,0,0,0,0,0,1
tomate poivre sucre dinde oeuf paprika chocolat carotte pomme de terre,0,0,1,0,0,0
noix calamar sel oignon cafe persil poivron,0,0,0,0,1,0
concombre poivron moule champignon chocolat poivre paprika huile,0,0,0,0,1,0
paprika noix concombre mascarpone,0,1,0,0,0,1
oignon moule cumin epinard sel,0,0,0,0,1,0
mayonnaise oignon fromage thym,0,1,1,0,0,1
orge chocolat oeuf persil ail biscuit farine sel,1,0,1,0,0,1
champignon couscous oeuf pain persil,1,0,1,0,0,1
dinde concombre paprika courgette,0,0,0,0,0,0
champignon paprika lait,0,1,0,0,0,1
poivron champignon dinde huile cumin chocolat,0,0,0,0,0,0
courgette poivron persil pomme de terre mozzarella paprika cafe,0,1,0,0,0,1
paprika salade persil citron cafe bar aubergine,0,0,0,1,0,0
ail aubergine persil champignon poivre citron,0,0,0,0,0,1
ail citron sel cafe pates aubergine curcuma,1,0,0,0,0,1
noix biscuit ail farine pomme de terre orge aubergine cumin,1,0,0,0,0,1
citron brioche pain mayonnaise epinard curcuma,1,0,1,0,0,1
cumin huile miel farine homard poivron,1,0,0,0,1,0
biscuit semoule sel carotte aubergine,1,0,0,0,0,1
pates poivre champignon pomme de terre dinde chocolat salade,1,0,0,0,0,0
curcuma pomme de terre oeuf chocolat,0,0,1,0,0,1
poivron epinard tomate citron fromage curcuma,0,1,0,0,0,1
parmesan oignon concombre curcuma,0,1,0,0,0,1
saumon biscuit thym aubergine cafe poivron noix yaourt,1,1,0,1,0,0
huile orge epinard poivre sel,1,0,0,0,0,1
pain pomme de terre ail epinard brioche beurre thym,1,1,0,0,0,1
couscous brioche persil cafe oeuf poivre champignon huile farine,1,0,1,0,0,1
agneau epinard sel concombre,0,0,0,0,0,0
cafe poivron courgette carotte noix poivre sel,0,0,0,0,0,1
champignon sucre persil,0,0,0,0,0,1
miel ail bar farine sucre thym,1,0,0,1,0,0
citron carotte thym orge brioche oignon paprika,1,0,0,0,0,1
chocolat noix cumin farine biscuit sel courgette,1,0,0,0,0,1
concombre cabillaud farine miel paprika curcuma cafe,1,0,0,1,0,0
thym concombre curcuma pomme de terre carotte couscous,1,0,0,0,0,1
poivron cafe oeuf curcuma couscous tomate,1,0,1,0,0,1
poivre poivron pain salade ail paprika,1,0,0,0,0,1
farine poivron oignon sel pomme de terre pain pates,1,0,0,0,0,1
champignon pain mascarpone sel poivre,1,1,0,0,0,1
pates orge courgette aubergine beurre curcuma paprika sucre,1,1,0,0,0,1
cafe brioche sel paprika mayonnaise epinard biscuit,1,0,1,0,0,1
concombre olive agneau poivre,0,0,0,0,0,0
sel fromage pomme de terre mayonnaise,0,1,1,0,0,1
mayonnaise citron biscuit curcuma ail carotte,1,0,1,0,0,1
carotte cafe curcuma thym farine noix,1,0,0,0,0,1
epinard salade concombre paprika,0,0,0,0,0,1
pates champignon moule oeuf concombre sel epinard,1,0,1,0,1,0
tomate aubergine curcuma oignon thym noix dinde,0,0,0,0,0,0
mascarpone sel sucre huile creme oignon,0,1,0,0,0,1
poivre sel salade mozzarella mascarpone sucre carotte,0,1,0,0,0,1
curcuma salade ail champignon,0,0,0,0,0,1
carotte cafe noix salade oeuf paprika orge pain tomate,1,0,1,0,0,1
poivre thon courgette cafe,0,0,0,1,0,0
poivre champignon sardine,0,0,0,1,0,0
poulet oignon sel curcuma olive mayonnaise,0,0,1,0,0,0
cafe poivre curcuma tomate homard salade couscous,1,0,0,0,1,0
persil dinde noix oignon biscuit sucre curcuma,1,0,0,0,0,0
cumin oeuf champignon oignon boeuf,0,0,1,0,0,0
sel oignon tomate thon,0,0,0,1,0,0
concombre courgette salade thym,0,0,0,0,0,1
miel persil pates salade,1,0,0,0,0,1
veau persil aubergine,0,0,0,0,0,0
curcuma aubergine sucre sel semoule poivron salade noix,1,0,0,0,0,1
curcuma champignon pain,1,0,0,0,0,1
poivron poivre olive moule pates aubergine persil,1,0,0,0,1,0
curcuma creme miel sel carotte,0,1,0,0,0,1
curcuma champignon cafe sucre agneau poivron,0,0,0,0,0,0
ail champignon persil creme homard poivron sel,0,1,0,0,1,0
orge homard courgette huile sel carotte thym,1,0,0,0,1,0
aubergine oeuf thym parmesan,0,1,1,0,0,1
olive cumin ail poivre concombre,0,0,0,0,0,1
poivron paprika boeuf tomate,0,0,0,0,0,0
lait parmesan citron salade thym,0,1,0,0,0,1
pates champignon olive sardine paprika,1,0,0,1,0,0
bar paprika champignon tomate thym,0,0,0,1,0,0
chocolat farine cumin cafe oignon,1,0,0,0,0,1
persil thon noix ail olive courgette,0,0,0,1,0,0
carotte aubergine tomate sel mozzarella,0,1,0,0,0,1
couscous ail concombre paprika aubergine calamar cumin,1,0,0,0,1,0
carotte curcuma courgette epinard paprika,0,0,0,0,0,1
cabillaud paprika oeuf carotte persil,0,0,1,1,0,0
thon oignon poivron huile persil,0,0,0,1,0,0
mayonnaise persil epinard agneau aubergine cumin,0,0,1,0,0,0
paprika lait poivron curcuma beurre oignon,0,1,0,0,0,1
pomme de terre thym paprika salade,0,0,0,0,0,1
cumin tomate paprika poulet noix poivron citron courgette semoule,1,0,0,0,0,0
farine poivron thym tomate,1,0,0,0,0,1
pain epinard orge paprika champignon thym farine,1,0,0,0,0,1
thym huile paprika pomme de terre courgette,0,0,0,0,0,1
boeuf curcuma citron pomme de terre poivre champignon,0,0,0,0,0,0
curcuma veau mayonnaise tomate carotte pomme de terre cafe,0,0,1,0,0,0
aubergine noix tomate poivre,0,0,0,0,0,1
poivre oignon cumin sucre mascarpone ail sardine,0,1,0,1,0,0
carotte paprika aubergine oeuf salade cumin,0,0,1,0,0,1
aubergine ail cumin,0,0,0,0,0,1
persil aubergine yaourt orge ail pomme de terre sucre semoule noix,1,1,0,0,0,1
huile citron concombre curcuma creme epinard,0,1,0,0,0,1
mascarpone poulet persil courgette cafe olive,0,1,0,0,0,0
cafe aubergine oignon concombre creme cumin semoule mayonnaise,1,1,1,0,0,1
tomate curcuma citron courgette chocolat farine paprika,1,0,0,0,0,1
sucre chocolat pain semoule pomme de terre cumin mayonnaise thym,1,0,1,0,0,1
salade thym epinard tomate,0,0,0,0,0,1
thym pain olive curcuma ail sucre concombre,1,0,0,0,0,1
cafe curcuma champignon carotte persil citron courgette farine,1,0,0,0,0,1
sel concombre noix,0,0,0,0,0,1
pates poivre sel huile boeuf carotte ail,1,0,0,0,0,0
poivre courgette chocolat,0,0,0,0,0,1
cafe poivron epinard homard sel persil citron,0,0,0,0,1,0
parmesan cafe mascarpone poivre champignon aubergine paprika huile,0,1,0,0,0,1
epinard sel,0,0,0,0,0,1
noix epinard courgette sel curcuma mayonnaise poulet citron,0,0,1,0,0,0
courgette brioche pomme de terre agneau thym salade creme curcuma,1,1,0,0,0,0
paprika champignon citron sel biscuit,1,0,0,0,0,1
thym champignon lait pomme de terre,0,1,0,0,0,1
noix tomate thym carotte mayonnaise curcuma,0,0,1,0,0,1
curcuma courgette cumin oignon carotte creme,0,1,0,0,0,1
concombre champignon cumin citron olive curcuma pain ail agneau,1,0,0,0,0,0
chocolat cumin mascarpone courgette aubergine agneau,0,1,0,0,0,0
cafe thym oeuf pomme de terre orge,1,0,1,0,0,1
oignon couscous champignon cumin concombre huile pates,1,0,0,0,0,1
mayonnaise couscous champignon cumin,1,0,1,0,0,1
persil orge huile poivron paprika pates farine ail,1,0,0,0,0,1
poivre olive beurre champignon mayonnaise persil,0,1,1,0,0,1
cumin persil salade,0,0,0,0,0,1
sel pomme de terre citron cafe aubergine,0,0,0,0,0,1
pain oignon citron sardine thym mayonnaise,1,0,1,1,0,0
epinard semoule citron concombre poivre persil pates noix,1,0,0,0,0,1
epinard mayonnaise tomate cafe cumin sel,0,0,1,0,0,1
thym lait curcuma aubergine,0,1,0,0,0,1
aubergine cumin mayonnaise cafe farine salade calamar chocolat,1,0,1,0,1,0
mayonnaise courgette poivre ail oignon,0,0,1,0,0,1
persil cumin citron poivron beurre salade bar,0,1,0,1,0,0
aubergine semoule oeuf ail persil saumon miel,1,0,1,1,0,0
cumin bar noix oignon,0,0,0,1,0,0
salade cumin ail persil crevette olive,0,0,0,0,1,0
salade fromage poivron oeuf paprika tomate,0,1,1,0,0,1
citron mayonnaise oeuf cafe poivron curcuma ail,0,0,1,0,0,1
poivron cumin poivre carotte,0,0,0,0,0,1
cumin concombre,0,0,0,0,0,1
semoule tomate salade courgette cafe sel agneau,1,0,0,0,0,0
courgette tomate persil cafe ail,0,0,0,0,0,1
thym mayonnaise tomate ail sucre noix brioche,1,0,1,0,0,1
semoule concombre poivre,1,0,0,0,0,1
epinard thym persil moule citron,0,0,0,0,1,0
carotte cumin agneau fromage pain huile aubergine citron,1,1,0,0,0,0
curcuma tomate chocolat olive creme,0,1,0,0,0,1
huile courgette persil yaourt poivre salade,0,1,0,0,0,1
sel poivron tomate huile carotte calamar cafe,0,0,0,0,1,0
mozzarella poivron paprika cabillaud sel concombre,0,1,0,1,0,0
curcuma olive champignon courgette oeuf pates tomate,1,0,1,0,0,1
poulet poivron huile yaourt salade epinard cumin chocolat,0,1,0,0,0,0
homard salade epinard mozzarella sel oignon,0,1,0,0,1,0
sel concombre calamar salade poivre,0,0,0,0,1,0
curcuma veau poivron oeuf,0,0,1,0,0,0
courgette chocolat epinard cabillaud orge carotte sel,1,0,0,1,0,0
cumin pates pomme de terre mayonnaise noix,1,0,1,0,0,1
pomme de terre sel chocolat paprika salade oignon huile biscuit poulet,1,0,0,0,0,0
carotte brioche thym bar ail olive poivre,1,0,0,1,0,0
persil poulet aubergine thym champignon,0,0,0,0,0,0
paprika huile epinard orge poivron lait cumin,1,1,0,0,0,1
parmesan tomate cumin thym chocolat poivron,0,1,0,0,0,1
cumin oignon noix paprika,0,0,0,0,0,1
curcuma concombre olive couscous mascarpone yaourt persil,1,1,0,0,0,1
pomme de terre epinard sel concombre calamar noix poivre,0,0,0,0,1,0
carotte poivre mascarpone epinard oeuf champignon beurre paprika,0,1,1,0,0,1
moule paprika pates concombre,1,0,0,0,1,0
courgette carotte chocolat epinard sel paprika,0,0,0,0,0,1
oeuf huile mascarpone noix concombre paprika carotte aubergine curcuma,0,1,1,0,0,1
miel dinde carotte salade curcuma,0,0,0,0,0,0
noix cumin chocolat poivron oeuf courgette,0,0,1,0,0,1
epinard poivre fromage concombre champignon chocolat citron,0,1,0,0,0,1
oignon ail persil semoule poivre concombre,1,0,0,0,0,1
fromage lait poivre poivron,0,1,0,0,0,1
salade fromage persil concombre tomate sucre,0,1,0,0,0,1
noix tomate paprika pomme de terre orge thym salade brioche,1,0,0,0,0,1
cumin orge oignon moule persil,1,0,0,0,1,0
tomate pates cumin sucre salade chocolat mayonnaise paprika,1,0,1,0,0,1
orge sucre pates persil epinard poivre oignon citron beurre poivron,1,1,0,0,0,1
citron curcuma aubergine epinard,0,0,0,0,0,1
boeuf sel chocolat cumin epinard,0,0,0,0,0,0
parmesan epinard couscous oignon carotte poivre paprika,1,1,0,0,0,1
carotte persil miel courgette poivre,0,0,0,0,0,1
huile aubergine persil olive farine thym,1,0,0,0,0,1
paprika curcuma courgette,0,0,0,0,0,1
aubergine pomme de terre sardine miel poivre paprika sucre,0,0,0,1,0,0
carotte curcuma epinard,0,0,0,0,0,1
beurre oignon brioche sel,1,1,0,0,0,1
persil epinard semoule cafe tomate pates chocolat,1,0,0,0,0,1
persil epinard huile paprika aubergine mascarpone olive poivron,0,1,0,0,0,1
persil aubergine tomate lait olive,0,1,0,0,0,1
oignon agneau ail mayonnaise thym,0,0,1,0,0,0
chocolat tomate cumin poivron olive concombre thym couscous,1,0,0,0,0,1
curcuma creme ail oeuf persil fromage,0,1,1,0,0,1
mozzarella sel champignon chocolat,0,1,0,0,0,1
sucre oeuf lait poivre sel pomme de terre beurre,0,1,1,0,0,1
homard oignon ail thym,0,0,0,0,1,0
pomme de terre salade creme cumin,0,1,0,0,0,1
cumin poulet salade carotte aubergine,0,0,0,0,0,0
thon sel pates aubergine champignon oignon paprika,1,0,0,1,0,0
champignon lait poivre brioche aubergine ail cumin,1,1,0,0,0,1
sel citron champignon oeuf poivron huile paprika epinard,0,0,1,0,0,1
curcuma biscuit pomme de terre couscous,1,0,0,0,0,1
paprika salade aubergine miel cafe orge ail farine curcuma,1,0,0,0,0,1
persil olive tomate agneau,0,0,0,0,0,0
carotte tomate sel huile citron ail,0,0,0,0,0,1
salade mozzarella thym sucre oignon paprika,0,1,0,0,0,1
courgette sel cumin agneau aubergine,0,0,0,0,0,0
epinard cafe poulet sel,0,0,0,0,0,0
sel pates citron noix carotte mayonnaise tomate,1,0,1,0,0,1
orge cumin farine thym aubergine,1,0,0,0,0,1
curcuma moule creme mayonnaise champignon oignon,0,1,1,0,1,0
salade carotte oeuf curcuma poivre courgette sucre,0,0,1,0,0,1
mascarpone poivron poivre persil concombre mayonnaise orge,1,1,1,0,0,1
cumin mayonnaise courgette,0,0,1,0,0,1
epinard thym lait ail sucre aubergine olive,0,1,0,0,0,1
citron olive champignon curcuma moule oignon,0,0,0,0,1,0
thym mozzarella concombre,0,1,0,0,0,1
oeuf huile cumin oignon citron,0,0,1,0,0,1
courgette epinard salade curcuma,0,0,0,0,0,1
cafe salade epinard champignon mayonnaise noix persil,0,0,1,0,0,1
courgette cumin sucre pain,1,0,0,0,0,1
oignon oeuf salade epinard huile cumin,0,0,1,0,0,1
salade mozzarella beurre tomate sel noix chocolat carotte,0,1,0,0,0,1
cumin dinde oignon oeuf curcuma,0,0,1,0,0,0
epinard sel poivre pomme de terre mayonnaise,0,0,1,0,0,1
farine cumin carotte salade cabillaud olive mozzarella,1,1,0,1,0,0
thym mozzarella chocolat sel noix poivron creme,0,1,0,0,0,1
salade tomate pain paprika,1,0,0,0,0,1
carotte sel curcuma huile brioche pomme de terre tomate biscuit,1,0,0,0,0,1
sucre mascarpone mozzarella cumin cafe poivron poivre epinard,0,1,0,0,0,1
biscuit noix paprika agneau citron courgette,1,0,0,0,0,0
citron concombre poulet paprika poivron courgette curcuma mascarpone,0,1,0,0,0,0
sel champignon salade persil oignon,0,0,0,0,0,1
orge tomate curcuma fromage persil aubergine huile,1,1,0,0,0,1
citron courgette crabe miel yaourt thym poivron,0,1,0,0,1,0
salade miel lait persil cafe pomme de terre paprika moule,0,1,0,0,1,0
paprika aubergine sucre semoule noix sel couscous,1,0,0,0,0,1
dinde carotte courgette ail curcuma thym,0,0,0,0,0,0
oignon salade olive persil champignon huile,0,0,0,0,0,1
sel tomate calamar poivre mozzarella oeuf,0,1,1,0,1,0
homard paprika champignon poivron chocolat mayonnaise epinard,0,0,1,0,1,0
epinard concombre brioche poivre citron farine couscous carotte curcuma olive,1,0,0,0,0,1
courgette persil thym ail veau carotte,0,0,0,0,0,0
epinard cumin olive calamar orge tomate huile,1,0,0,0,1,0
mozzarella aubergine persil tomate concombre beurre fromage olive,0,1,0,0,0,1
agneau poivre ail cafe,0,0,0,0,0,0
oeuf oignon cafe semoule thym epinard cumin aubergine,1,0,1,0,0,1
sel beurre thym fromage farine oignon champignon,1,1,0,0,0,1
champignon curcuma ail courgette thon huile cafe parmesan,0,1,0,1,0,0
mayonnaise aubergine sucre paprika champignon concombre brioche,1,0,1,0,0,1
beurre sel cumin mascarpone champignon farine,1,1,0,0,0,1
huile pomme de terre oeuf poivron boeuf poivre concombre farine,1,0,1,0,0,0
concombre courgette oeuf paprika champignon poivre,0,0,1,0,0,1
thym dinde salade paprika oeuf,0,0,1,0,0,0
semoule noix tomate huile mayonnaise paprika sel,1,0,1,0,0,1
epinard thym pain persil beurre,1,1,0,0,0,1
miel sucre sel oeuf pomme de terre,0,0,1,0,0,1
oignon champignon noix cumin poivre,0,0,0,0,0,1
noix olive salade aubergine sel tomate,0,0,0,0,0,1
huile tomate creme orge citron carotte paprika,1,1,0,0,0,1
citron courgette poivre poulet,0,0,0,0,0,0
epinard poivron paprika aubergine creme cafe cumin bar huile,0,1,0,1,0,0
homard pomme de terre curcuma poivron salade,0,0,0,0,1,0
salade sucre couscous mayonnaise poivre noix,1,0,1,0,0,1
orge beurre creme poivron persil salade,1,1,0,0,0,1
thym ail chocolat sucre persil,0,0,0,0,0,1
chocolat carotte pomme de terre persil,0,0,0,0,0,1
thym champignon pomme de terre miel parmesan cumin,0,1,0,0,0,1
couscous oignon mayonnaise huile cafe persil aubergine,1,0,1,0,0,1
carotte dinde paprika ail cumin brioche,1,0,0,0,0,0
oignon miel veau cafe thym,0,0,0,0,0,0
yaourt concombre poivre couscous epinard lait miel,1,1,0,0,0,1
noix champignon poivre cumin mascarpone,0,1,0,0,0,1
fromage concombre citron poivre beurre cafe,0,1,0,0,0,1
cabillaud sel couscous chocolat concombre,1,0,0,1,0,0
citron ail moule persil,0,0,0,0,1,0
concombre sucre citron farine thym,1,0,0,0,0,1
epinard sel aubergine poivre chocolat orge,1,0,0,0,0,1
cumin epinard veau pates olive,1,0,0,0,0,0
champignon cafe pates orge huile poivre,1,0,0,0,0,1
salade sel mozzarella semoule champignon,1,1,0,0,0,1
curcuma boeuf huile mozzarella carotte miel pomme de terre champignon,0,1,0,0,0,0
pates chocolat thym concombre sel,1,0,0,0,0,1
paprika ail epinard persil calamar,0,0,0,0,1,0
olive miel ail champignon tomate poivre bar,0,0,0,1,0,0
miel tomate thym persil poivron,0,0,0,0,0,1
chocolat oignon cumin persil cafe bar carotte,0,0,0,1,0,0
poivre oeuf mayonnaise sucre concombre curcuma,0,0,1,0,0,1
poivre paprika pates tomate farine,1,0,0,0,0,1
persil sel pain oignon courgette,1,0,0,0,0,1
sel semoule huile thym salade champignon oeuf courgette,1,0,1,0,0,1
salade couscous champignon noix paprika citron,1,0,0,0,0,1
cumin citron poivron oeuf courgette salade farine parmesan,1,1,1,0,0,1
persil champignon courgette poivre,0,0,0,0,0,1
epinard noix cumin persil aubergine sardine citron oignon,0,0,0,1,0,0
champignon orge olive parmesan paprika tomate creme concombre sel cafe,1,1,0,0,0,1
champignon tomate cumin paprika poivron,0,0,0,0,0,1
courgette ail thym curcuma couscous salade,1,0,0,0,0,1
tomate poivre mascarpone oeuf brioche thym aubergine,1,1,1,0,0,1
cafe orge huile poivron champignon poivre courgette curcuma,1,0,0,0,0,1
persil orge huile concombre miel,1,0,0,0,0,1
oignon noix boeuf ail persil pomme de terre chocolat,0,0,0,0,0,0
courgette fromage creme curcuma,0,1,0,0,0,1
oeuf paprika noix oignon,0,0,1,0,0,1
thym cafe pain mozzarella ail oeuf pomme de terre parmesan oignon cumin noix,1,1,1,0,0,1
carotte olive poivron sel yaourt mozzarella couscous,1,1,0,0,0,1
persil pomme de terre parmesan mayonnaise chocolat,0,1,1,0,0,1
poivron poivre veau,0,0,0,0,0,0
oignon persil salade mozzarella thym pomme de terre parmesan,0,1,0,0,0,1
ail sel citron concombre curcuma,0,0,0,0,0,1
curcuma oeuf cafe poivron aubergine pates sel olive,1,0,1,0,0,1
oeuf ail persil,0,0,1,0,0,1
olive concombre persil champignon sel carotte pates,1,0,0,0,0,1
poivron biscuit paprika pomme de terre poivre parmesan farine concombre,1,1,0,0,0,1
persil biscuit veau courgette thym noix beurre,1,1,0,0,0,0
saumon sucre miel aubergine persil curcuma,0,0,0,1,0,0
cumin courgette tomate mayonnaise concombre cafe chocolat,0,0,1,0,0,1
thym poivron noix curcuma biscuit,1,0,0,0,0,1
pates thon thym oeuf champignon tomate courgette persil citron,1,0,1,1,0,0
cumin huile curcuma carotte,0,0,0,0,0,1
sel noix couscous epinard sucre ail aubergine,1,0,0,0,0,1
fromage aubergine curcuma pomme de terre farine carotte thym,1,1,0,0,0,1
orge paprika tomate citron poivre calamar concombre,1,0,0,0,1,0
cumin miel sel epinard aubergine,0,0,0,0,0,1
miel aubergine curcuma mascarpone ail sel beurre,0,1,0,0,0,1
champignon sel salade oeuf parmesan aubergine beurre,0,1,1,0,0,1
courgette mascarpone oignon curcuma farine dinde carotte,1,1,0,0,0,0
concombre sardine tomate mayonnaise thym,0,0,1,1,0,0
sardine cumin chocolat pomme de terre lait champignon,0,1,0,1,0,0
pain curcuma tomate miel poivron cafe,1,0,0,0,0,1
persil epinard poivre,0,0,0,0,0,1
noix sel sucre salade,0,0,0,0,0,1
curcuma ail citron courgette tomate crabe pain,1,0,0,0,1,0
salade cafe carotte cumin concombre pates oeuf olive,1,0,1,0,0,1
curcuma semoule carotte ail farine oeuf epinard,1,0,1,0,0,1
mayonnaise oignon cumin citron tomate,0,0,1,0,0,1
sucre oeuf carotte farine thym huile,1,0,1,0,0,1
carotte farine olive semoule thym brioche poivre,1,0,0,0,0,1
tomate dinde persil oignon champignon sel,0,0,0,0,0,0
carotte poivre sel chocolat,0,0,0,0,0,1
pain oignon citron persil curcuma miel pates,1,0,0,0,0,1
miel curcuma carotte olive,0,0,0,0,0,1
creme paprika pomme de terre poivre carotte ail,0,1,0,0,0,1
paprika ail calamar courgette cumin sucre,0,0,0,0,1,0
aubergine curcuma sucre cabillaud pomme de terre huile semoule,1,0,0,1,0,0
ail mayonnaise oeuf persil,0,0,1,0,0,1
thym carotte moule citron sel,0,0,0,0,1,0
mayonnaise poivre pomme de terre curcuma,0,0,1,0,0,1
yaourt persil carotte huile beurre tomate thym,0,1,0,0,0,1
miel pomme de terre poivre oignon concombre citron,0,0,0,0,0,1
tomate thym sucre aubergine cafe boeuf champignon persil,0,0,0,0,0,0
thym mayonnaise carotte courgette dinde tomate brioche curcuma,1,0,1,0,0,0
thym epinard oeuf noix olive veau concombre cumin,0,0,1,0,0,0
pomme de terre persil thym tomate salade chocolat,0,0,0,0,0,1
farine thym parmesan oeuf salade mascarpone carotte poivron,1,1,1,0,0,1
mayonnaise carotte tomate curcuma semoule thym miel creme pomme de terre,1,1,1,0,0,1
huile aubergine persil poivron oignon noix mozzarella,0,1,0,0,0,1
ail persil tomate oignon sel mayonnaise,0,0,1,0,0,1
champignon pomme de terre citron sel,0,0,0,0,0,1
parmesan persil yaourt poivre carotte champignon,0,1,0,0,0,1
pates sel carotte concombre chocolat poivre huile,1,0,0,0,0,1
cumin noix ail persil,0,0,0,0,0,1
farine huile oeuf champignon sel parmesan ail,1,1,1,0,0,1
epinard semoule olive couscous poivre poivron pomme de terre cafe,1,0,0,0,0,1
citron oignon persil tomate cumin,0,0,0,0,0,1
salade miel oignon crevette epinard thym paprika,0,0,0,0,1,0
pates semoule orge carotte epinard poivre,1,0,0,0,0,1
aubergine paprika carotte poivron citron moule,0,0,0,0,1,0
epinard agneau sel cafe champignon,0,0,0,0,0,0
creme poivre thym homard carotte,0,1,0,0,1,0
parmesan carotte tomate salade thym huile oeuf lait,0,1,1,0,0,1
dinde persil carotte semoule,1,0,0,0,0,0
couscous courgette champignon tomate pain paprika poivre,1,0,0,0,0,1
bar concombre chocolat courgette cumin,0,0,0,1,0,0
carotte epinard oeuf thym oignon huile pates curcuma sucre,1,0,1,0,0,1
beurre mozzarella sel poivre sucre pomme de terre huile,0,1,0,0,0,1
semoule champignon tomate sucre olive poivron poivre cumin cabillaud,1,0,0,1,0,0
courgette orge thon thym,1,0,0,1,0,0
carotte curcuma couscous champignon poivron chocolat cumin cafe,1,0,0,0,0,1
poivre farine ail sel,1,0,0,0,0,1
pates creme miel champignon noix veau cumin,1,1,0,0,0,0
huile salade sel agneau citron,0,0,0,0,0,0
parmesan noix pomme de terre curcuma courgette thym citron,0,1,0,0,0,1
mayonnaise carotte salade agneau cafe persil cumin oignon,0,0,1,0,0,0
curcuma sucre bar citron pomme de terre,0,0,0,1,0,0
parmesan curcuma aubergine creme citron poivron couscous,1,1,0,0,0,1
tomate concombre sel poivron poivre yaourt creme,0,1,0,0,0,1
thym farine salade aubergine biscuit concombre oeuf,1,0,1,0,0,1
citron sucre poivre courgette sardine,0,0,0,1,0,0
sel veau sucre salade poivre,0,0,0,0,0,0
miel citron aubergine poivre oeuf mozzarella,0,1,1,0,0,1
carotte sucre sel yaourt ail,0,1,0,0,0,1
curcuma pomme de terre creme champignon,0,1,0,0,0,1
noix champignon thym huile epinard salade,0,0,0,0,0,1
concombre thym carotte epinard huile,0,0,0,0,0,1
couscous poivre concombre,1,0,0,0,0,1
parmesan champignon thym,0,1,0,0,0,1
paprika cafe sel tomate biscuit ail huile,1,0,0,0,0,1
sel salade olive biscuit champignon miel farine,1,0,0,0,0,1
curcuma persil calamar aubergine oeuf,0,0,1,0,1,0
pain thym poivron ail semoule mayonnaise champignon huile,1,0,1,0,0,1
tomate paprika ail,0,0,0,0,0,1
ail tomate chocolat boeuf couscous poivron persil,1,0,0,0,0,0
concombre cumin thym huile tomate oeuf poivron,0,0,1,0,0,1
cumin veau miel champignon,0,0,0,0,0,0
curcuma noix pain pomme de terre poivron,1,0,0,0,0,1
pates miel curcuma sel champignon mayonnaise poivron semoule,1,0,1,0,0,1
brioche persil ail couscous huile paprika orge poivron,1,0,0,0,0,1
aubergine pomme de terre poivre noix thym concombre mayonnaise chocolat,0,0,1,0,0,1
poivre tomate huile oeuf concombre persil pain,1,0,1,0,0,1
boeuf persil concombre pain miel chocolat,1,0,0,0,0,0
tomate curcuma poivre parmesan ail,0,1,0,0,0,1
olive poivre sucre poivron pain farine semoule,1,0,0,0,0,1
carotte cumin epinard sardine poivron cafe curcuma,0,0,0,1,0,0
aubergine persil courgette concombre pates poivre brioche couscous,1,0,0,0,0,1
semoule ail curcuma olive,1,0,0,0,0,1
cafe ail oignon persil thym courgette mayonnaise,0,0,1,0,0,1
brioche paprika aubergine chocolat salade carotte,1,0,0,0,0,1
poivre chocolat cumin crabe courgette,0,0,0,0,1,0
salade poivre thym,0,0,0,0,0,1
thym semoule tomate olive salade oignon citron,1,0,0,0,0,1
persil mascarpone ail poivron,0,1,0,0,0,1
creme pates poivre curcuma farine chocolat oignon pain,1,1,0,0,0,1
huile thym pomme de terre mayonnaise ail,0,0,1,0,0,1
poivron sel thym huile miel veau aubergine,0,0,0,0,0,0
semoule curcuma concombre ail poivron cumin,1,0,0,0,0,1
epinard pomme de terre poivron persil,0,0,0,0,0,1
beurre salade creme huile sucre poivre,0,1,0,0,0,1
cafe olive courgette couscous brioche lait sel,1,1,0,0,0,1
aubergine epinard curcuma persil pomme de terre,0,0,0,0,0,1
mayonnaise noix persil biscuit poivre carotte,1,0,1,0,0,1
miel mascarpone sel farine paprika carotte,1,1,0,0,0,1
miel epinard oignon huile pain fromage cumin tomate sel,1,1,0,0,0,1
biscuit courgette sel pain noix,1,0,0,0,0,1
oignon bar carotte paprika,0,0,0,1,0,0
mozzarella thym mayonnaise sucre noix tomate,0,1,1,0,0,1
champignon oignon fromage poivre sucre,0,1,0,0,0,1
bar tomate curcuma cumin poivron sucre epinard,0,0,0,1,0,0
poivre poivron noix oignon thym epinard,0,0,0,0,0,1
poivron olive thym oignon homard cumin,0,0,0,0,1,0
aubergine cumin noix miel champignon,0,0,0,0,0,1
chocolat concombre curcuma dinde miel epinard,0,0,0,0,0,0
cumin ail oignon tomate creme,0,1,0,0,0,1
courgette ail poivron creme persil,0,1,0,0,0,1
oeuf cafe olive thym sel poivron carotte concombre,0,0,1,0,0,1
huile persil cumin sucre courgette oignon,0,0,0,0,0,1
pain aubergine parmesan thym salade farine sucre,1,1,0,0,0,1
epinard couscous courgette bar oeuf curcuma chocolat persil oignon,1,0,1,1,0,0
carotte aubergine epinard huile thym,0,0,0,0,0,1
paprika oignon pates sel aubergine poivron,1,0,0,0,0,1
oignon creme homard courgette curcuma persil,0,1,0,0,1,0
orge ail huile tomate thym oignon farine,1,0,0,0,0,1
huile curcuma olive cumin cabillaud pomme de terre tomate carotte,0,0,0,1,0,0
thym carotte tomate parmesan yaourt curcuma fromage chocolat salade,0,1,0,0,0,1
huile persil farine biscuit carotte noix,1,0,0,0,0,1
creme paprika epinard poivre,0,1,0,0,0,1
